0001                               **************************************************
0002                               *                                                *
0003                               *               FORTH for the 6809               *
0004                               *                                                *
0005                               *    This version of FORTH was written to be     *
0006                               *    used as a ROM-able bare bones operating     *
0007                               *    system for a 6809 based micro-controller.   *
0008                               *    The high level defintions are based on      *
0009                               *    Thomas Newman's 8086/88 implementation of   *
0010                               *    the Forth Interest Group's model in order   *
0011                               *    to insure the portability of existing       *
0012                               *    code. All of the primitives were written    *
0013                               *    during July 1990 by:                        *
0014                               *                                                *
0015                               *                    Mike Pashea                 *
0016                               *          Southern Illinois University          *
0017                               *          Dept. of Engineering Box 1801         *
0018                               *          Edwardsville, Il. 62026-1801          *
0019                               *                  (618)-692-2391                *
0020                               *                                                *
0021                               *    This FORTH is direct threaded for speed,    *
0022                               *    however none of the assembly routines       *
0023                               *    have been optimized yet. It appears that    *
0024                               *    all of the bugs have been worked out        *
0025                               *    though.                                     *
0026                               *                                                *
0027                               *    The Forth Interest Group's publications     *
0028                               *    are public domain and may be obtained       *
0029                               *    from:                                       *
0030                               *                                                *
0031                               *            The Forth Interest Group            *
0032                               *            P.O. Box 1105                       *
0033                               *            San Carlos, Ca. 94070               *
0034                               *                                                *
0035                               *    The goal of this project has been to get    *
0036                               *    a small system up and running as quickly    *
0037                               *    as possible. The following source code      *
0038                               *    will assemble using the Motorola Freeware   *
0039                               *    6809 Assembler, with the number of          *
0040                               *    primitives being kept at a minimum.         *
0041                               *    Hopefully this will encourage translation   *
0042                               *    to similar Motorola processors, such as     *
0043                               *    the 68HC11. I've also commented the         *
0044                               *    primatives as much as possible to aid in    *
0045                               *    the translation.                            *
0046                               *                                                *
0047                               *    The target system for which this FORTH      *
0048                               *    was written has the following memory map:   *
0049                               *                                                *
0050                               *    0000-0400  A 2k EEPROM  (for saving code)   *
0051                               *    9800-9801  6850 ACIA    (serial port)       *
0052                               *    C000-DFFF  An 8k RAM    (FORTH dictionary,  *
0053                               *                             TIB and stacks)    *
0054                               *    E000-FFFF  An 8k ROM    (ROMable FORTH)     *
0055                               *                                                *
0056                               *    The current target system is being used     *
0057                               *    to develop other micro-controller systems   *
0058                               *    with EEPROM. Later hardware versions will   *
0059                               *    contain some parallel ports for doing data  *
0060                               *    aquisition and control.                     *
0061                               *                                                *
0062                               *    For the moment, there is no editor. In the  *
0063                               *    current system additional definitions are   *
0064                               *    written on an IBM PC and saved as an ascii  *
0065                               *    file. The definitions are then uploaded     *
0066                               *    through the serial port using Kermit. I     *
0067                               *    have written an assembler however, and      *
0068                               *    I'll give it out as soon as the bugs are    *
0069                               *    fixed.                                      *
0070                               *                                                *
0071                               *    FORTH Register Assignments                  *
0072                               *                                                *
0073                               *    FORTH  6809     FORTH Preservation Rules    *
0074                               *    -----  ----     ------------------------    *
0075                               *                                                *
0076                               *    IP      Y       INTERPRETER POINTER.        *
0077                               *                    MUST BE PRESERVED           *
0078                               *                    ACROSS FORTH WORDS.         *
0079                               *                                                *
0080                               *    W       X       WORD POINTER                *
0081                               *                                                *
0082                               *    SP      U       PARAMETER STACK POINTER.    *
0083                               *                    MUST BE PRESERVED ACROSS    *
0084                               *                    FORTH WORDS.                *
0085                               *                                                *
0086                               *    RP      S       RETURN STACK.               *
0087                               *                    MUST BE PRESERVED ACROSS    *
0088                               *                    FORTH WORDS.                *
0089                               *                                                *
0090                               *           RELEASE AND VERSION NUMBERS          *
0091                               *                                                *
0092                               **************************************************
0093 0001                          FIGREL  EQU   1
0094 0000                          FIGREV  EQU   0
0095 0000                          USRVER  EQU   0
0096                               
0097                               **************************************************
0098                               *                                                *
0099                               *            ASCII CHARACTERS USED               *
0100                               *                                                *
0101                               **************************************************
0102 0020                          ABL     EQU   $0020          ; A blank
0103 00d0                          ACR     EQU   $00D0          ; A carriage return
0104 002e                          ADOT    EQU   $002E          ; A period
0105 0007                          BELL    EQU   $0007          ; A bell (^G)
0106 005f                          BSIN    EQU   $005F          ; An input delete
0107 0008                          BSOUT   EQU   $0008          ; A output backspace
0108 0010                          DLE     EQU   $0010          ; (^P)
0109 00a0                          LF      EQU   $00A0          ; A line feed
0110 00c0                          FF      EQU   $00C0          ; A form feed
0111                               
0112                               **************************************************
0113                               *                                                *
0114                               *               MEMORY ALLOCATION                *
0115                               *                                                *
0116                               **************************************************
0117 c000                          RAMS    EQU   $C000          ; Start of RAM
0118 e000                          EM      EQU   $E000          ; End of RAM + 1
0119 0000                          NSCR    EQU   $0000          ; Number of 1024 byte screens
0120 0080                          KBBUF   EQU   $0080          ; Data bytes per disk buffer
0121 0040                          US      EQU   $0040          ; User variable space
0122 00a0                          RTS     EQU   $00A0          ; Return stack and terminal buffer
0123 0084                          CO      EQU   $0084          ; Data bytes per buffer plus 4
0124 0000                          NBUF    EQU   $0000          ; Number of buffers
0125 e000                          BUF1    EQU   $E000          ; First disk buffer
0126 dfc0                          INITR0  EQU   BUF1-US        ; Base of return stack
0127 df20                          INITS0  EQU   INITR0-RTS     ; Base of parameter stack
0128                               
0129 9800                          ACIAC   EQU   $9800          ; ACIA Control
0130 9801                          ACIAD   EQU   $9801          ; ACIA Data
0131                               
0132                               **************************************************
0133                               *                                                *
0134                               *             START OF ROMABLE FORTH             *
0135                               *                                                *
0136                               **************************************************
0137 e000                                  ORG   $E000
0138 e000 86 03              [ 2 ] ORIG    LDA   #$03           ; Configure the ACIA
0139 e002 b7 98 00           [ 5 ]         STA   ACIAC
0140 e005 86 16              [ 2 ]         LDA   #$16
0141 e007 b7 98 00           [ 5 ]         STA   ACIAC
0142 e00a 10 8e e0 19        [ 4 ]         LDY   #ENTRY
0143 e00e 10 ce df a0        [ 4 ]         LDS   #$DFA0         ; Initial stack pointers
0144 e012 ce df 20           [ 3 ]         LDU   #$DF20
0145 e015 ae a1              [ 8 ]         LDX   ,Y++           ; Set up is done, now do FORTH
0146 e017 6e 91              [ 9 ]         JMP   [,X++]
0147 e019 ef 2e                    ENTRY   FDB   COLD
0148                               
0149                               **************************************************
0150                               *                                                *
0151                               *                INITIAL USER TABLE              *
0152                               *                                                *
0153                               **************************************************
0154 e01b c0 12                    TOP     FDB   RTASK-7        ; Top word in FORTH vocabulary
0155 e01d df 20                    UTABLE  FDB   INITS0         ; Initial parameter stack base
0156 e01f df c0                            FDB   INITR0         ; Initial return stack base
0157 e021 df 20                            FDB   INITS0         ; Initial TIB
0158 e023 00 20                            FDB   32             ; Initial WIDTH
0159 e025 00 00                            FDB   0              ; Initial WARNING
0160 e027 c0 1d                            FDB   INITDP         ; Initial FENCE
0161 e029 c0 1d                            FDB   INITDP         ; Initial DP
0162 e02b c0 0e                            FDB   RFORTH+6       ; Initial VOC-LINK
0163 e02d df c0                    UP      FDB   INITR0         ; Initial user area pointer
0164 e02f df c0                    RPP     FDB   INITR0         ; Initial return stack pointer
0165                               
0166                               **************************************************
0167                               *                                                *
0168                               *           START OF THE FORTH DICTIONARY        *
0169                               *                                                *
0170                               **************************************************
0171 e031 83                       DP0     FCB   $83
0172 e032 4c 49                            FCC   'LI'
0173 e034 d4                               FCB   $D4            ; 'T'+$80
0174 e035 00 00                            FDB   $0000          ; LFA of zero indicates start of dictionary
0175 e037 e0 39                    LIT     FDB   *+2
0176 e039 ec a1              [ 8 ]         LDD   ,Y++           ; Get Literal
0177 e03b 36 06              [ 7 ]         PSHU  D              ; Push to user stack
0178 e03d ae a1              [ 8 ]         LDX   ,Y++           ; NEXT
0179 e03f 6e 91              [ 9 ]         JMP   [,X++]
0180                               
0181 e041 87                               FCB   $87
0182 e042 45 58 45 43 55 54                FCC   'EXECUT'
0183 e048 c5                               FCB   $C5
0184 e049 e0 31                            FDB   LIT-6
0185 e04b e0 4d                    EXEC    FDB   *+2
0186 e04d 37 10              [ 7 ]         PULU  X              ; Get CFA from parameter stack
0187 e04f 6e 91              [ 9 ]         JMP   [,X++]         ; Execute NEXT
0188                               
0189 e051 86                               FCB   $86
0190 e052 42 52 41 4e 43                   FCC   'BRANC'
0191 e057 c8                               FCB   $C8
0192 e058 e0 41                            FDB   EXEC-10
0193 e05a e0 5c                    BRAN    FDB   *+2
0194 e05c ec a4              [ 5 ] BRAN1   LDD   ,Y             ; Get offset value
0195 e05e 31 ab              [ 8 ]         LEAY  D,Y            ; Add offset to instruction pointer
0196 e060 ae a1              [ 8 ]         LDX   ,Y++           ; NEXT
0197 e062 6e 91              [ 9 ]         JMP   [,X++]
0198                               
0199 e064 87                               FCB   $87
0200 e065 30 42 52 41 4e 43                FCC   '0BRANC'
0201 e06b c8                               FCB   $C8
0202 e06c e0 51                            FDB   BRAN-9
0203 e06e e0 70                    ZBRAN   FDB   *+2
0204 e070 37 06              [ 7 ]         PULU  D
0205 e072 10 83 00 00        [ 5 ]         CMPD  #0             ; Is top of stack zero?
0206 e076 27 e4              [ 3 ]         BEQ   BRAN1          ; Yes, must branch
0207 e078 31 22              [ 5 ]         LEAY  2,Y            ; No, skip branch offset
0208 e07a ae a1              [ 8 ]         LDX   ,Y++           ; NEXT
0209 e07c 6e 91              [ 9 ]         JMP   [,X++]
0210                               
0211 e07e 86                               FCB   $86
0212 e07f 28 4c 4f 4f 50                   FCC   '(LOOP'
0213 e084 a9                               FCB   $A9
0214 e085 e0 64                            FDB   ZBRAN-10
0215 e087 e0 89                    XLOOP   FDB   *+2
0216 e089 cc 00 01           [ 3 ]         LDD   #$0001         ; Assume an increment of 1
0217 e08c e3 e4              [ 6 ] XLOO1   ADDD  0,S            ; Add increment to loop index
0218 e08e ed e4              [ 5 ]         STD   0,S            ; Put the new index on the stack
0219 e090 10 a3 62           [ 8 ]         CMPD  2,S            ; Compare index with limit
0220 e093 2d c7              [ 3 ]         BLT   BRAN1          ; Branch if index < limit
0221 e095 32 64              [ 5 ]         LEAS  4,S            ; Drop the index and the limit
0222 e097 31 22              [ 5 ]         LEAY  2,Y            ; Skip the branch offset
0223 e099 ae a1              [ 8 ]         LDX   ,Y++           ; NEXT
0224 e09b 6e 91              [ 9 ]         JMP   [,X++]
0225                               
0226 e09d 87                               FCB   $87
0227 e09e 28 2b 4c 4f 4f 50                FCC   '(+LOOP'
0228 e0a4 a9                               FCB   $A9
0229 e0a5 e0 7e                            FDB   XLOOP-9
0230 e0a7 e0 a9                    XPLOO   FDB   *+2
0231 e0a9 37 06              [ 7 ]         PULU  D              ; Get the increment value
0232 e0ab 20 df              [ 3 ]         BRA   XLOO1          ; Go do loop
0233                               
0234 e0ad 84                               FCB   $84
0235 e0ae 28 44 4f                         FCC   '(DO'
0236 e0b1 a9                               FCB   $A9
0237 e0b2 e0 9d                            FDB   XPLOO-10
0238 e0b4 e0 b6                    XDO     FDB   *+2
0239 e0b6 37 16              [ 9 ]         PULU  D,X            ; Get initial index and limit values
0240 e0b8 34 16              [ 9 ]         PSHS  X,D            ; Push to system stack
0241 e0ba ae a1              [ 8 ]         LDX   ,Y++           ; NEXT
0242 e0bc 6e 91              [ 9 ]         JMP   [,X++]
0243                               
0244 e0be 81                               FCB   $81
0245 e0bf c9                               FCB   $C9
0246 e0c0 e0 ad                            FDB   XDO-7
0247 e0c2 e0 c4                    IDO     FDB   *+2
0248 e0c4 ec e4              [ 5 ]         LDD   0,S            ; Get the index
0249 e0c6 36 06              [ 7 ]         PSHU  D              ; Push it to the parameter stack
0250 e0c8 ae a1              [ 8 ]         LDX   ,Y++           ; NEXT
0251 e0ca 6e 91              [ 9 ]         JMP   [,X++]
0252                               
0253 e0cc 85                               FCB   $85
0254 e0cd 44 49 47 49                      FCC   'DIGI'
0255 e0d1 d4                               FCB   $D4
0256 e0d2 e0 be                            FDB   IDO-4
0257 e0d4 e0 d6                    DIGIT   FDB   *+2
0258 e0d6 4f                 [ 2 ]         CLRA                 ; Clear high byte
0259 e0d7 e6 43              [ 5 ]         LDB   3,U            ; Ascii digit is low byte of 2nd on the stack
0260 e0d9 c0 30              [ 2 ]         SUBB  #$30           ; Convert to binary
0261 e0db 25 1b              [ 3 ]         BLO   DIGI2          ; Not a number
0262 e0dd c1 0a              [ 2 ]         CMPB  #$0A           ; Ascii 0-9?
0263 e0df 25 0a              [ 3 ]         BLO   DIGI1          ; Yes, check against base
0264 e0e1 c1 11              [ 2 ]         CMPB  #$11           ; Ascii A-Z?
0265 e0e3 25 13              [ 3 ]         BLO   DIGI2          ; No, less than 'A'
0266 e0e5 c1 2a              [ 2 ]         CMPB  #$2A
0267 e0e7 22 0f              [ 3 ]         BHI   DIGI2          ; No, greater than 'Z'
0268 e0e9 c0 07              [ 2 ]         SUBB  #7             ; Legal letter - convert to binary
0269 e0eb e1 41              [ 5 ] DIGI1   CMPB  1,U            ; Compare number to base (on top of stack)
0270                               
0271 e0ed 24 09              [ 3 ]                 BHS   DIGI2          ; Error if greater than or equal
0272 e0ef ed 42              [ 6 ]         STD   2,U            ; No error leave number on the stack
0273 e0f1 cc 00 01           [ 3 ]         LDD   #1             ; True flag
0274 e0f4 ed c4              [ 5 ]         STD   0,U            ; Put flag on top of stack
0275 e0f6 20 07              [ 3 ]         BRA   DIGI3          ; NEXT
0276 e0f8 33 42              [ 5 ] DIGI2   LEAU  2,U            ; Adjust stack
0277 e0fa cc 00 00           [ 3 ]         LDD   #0             ; False flag
0278 e0fd ed c4              [ 5 ]         STD   0,U            ; Put it on the stack
0279 e0ff ae a1              [ 8 ] DIGI3   LDX   ,Y++           ; NEXT
0280 e101 6e 91              [ 9 ]         JMP   [,X++]
0281                               
0282 e103 86                               FCB   $86
0283 e104 28 46 49 4e 44                   FCC   '(FIND'
0284 e109 a9                               FCB   $A9
0285 e10a e0 cc                            FDB   DIGIT-8
0286 e10c e1 0e                    PFIND   FDB   *+2
0287 e10e 34 20              [ 7 ]         PSHS  Y              ; Save IP
0288 e110 37 10              [ 7 ]         PULU  X              ; LFA of first word in the dictionary search
0289 e112 10 ae c4           [ 6 ] PFIN1   LDY   0,U            ; Location of packed string (HERE)
0290 e115 e6 84              [ 4 ]         LDB   0,X            ; Get dictionary word length
0291 e117 1f 98              [ 6 ]         TFR   B,A            ; Save the length byte temporarily
0292 e119 c4 3f              [ 2 ]         ANDB  #$3F           ; Mask off the two highest bits
0293 e11b e1 a4              [ 4 ]         CMPB  0,Y            ; Compare it with the packed string
0294 e11d 26 24              [ 3 ]         BNE   PFIN5          ; Lengths don't match - get another word
0295 e11f 30 01              [ 5 ] PFIN2   LEAX  1,X            ; OK so far - look at the text
0296 e121 31 21              [ 5 ]         LEAY  1,Y            ;
0297 e123 e6 84              [ 4 ]         LDB   0,X            ; Get next character
0298 e125 e1 a4              [ 4 ]         CMPB  0,Y            ; Compare with packed string
0299 e127 27 f6              [ 3 ]         BEQ   PFIN2          ; OK so far - go on to next character
0300 e129 c4 7f              [ 2 ]         ANDB  #$7F           ; Doesn't match - toggle high bit
0301 e12b e1 a4              [ 4 ]         CMPB  0,Y            ; Try again
0302 e12d 26 16              [ 3 ]         BNE   PFIN6          ; Doesn't match - go get next word
0303 e12f 30 05              [ 5 ] PFIN3   LEAX  5,X            ; We have an exact match - get PFA
0304 e131 1f 89              [ 6 ]         TFR   A,B            ; Retrieve length byte
0305 e133 4f                 [ 2 ]         CLRA                 ; D now contains the string length byte
0306 e134 af c4              [ 5 ]         STX   0,U            ; Replace location of packed string with PFA
0307 e136 8e 00 01           [ 3 ]         LDX   #1             ; Boolean TRUE flag
0308 e139 36 06              [ 7 ]         PSHU  D              ; Put string length on the stack
0309 e13b 36 10              [ 7 ]         PSHU  X              ; Put boolean flag on the stack
0310 e13d 35 20              [ 7 ] PFIN4   PULS  Y              ; Restore IP
0311 e13f ae a1              [ 8 ]         LDX   ,Y++           ; NEXT
0312 e141 6e 91              [ 9 ]         JMP   [,X++]
0313 e143 30 01              [ 5 ] PFIN5   LEAX  1,X            ; Skip character count
0314 e145 6d 80              [ 8 ] PFIN6   TST   0,X+           ; Test sign bit
0315 e147 2a fc              [ 3 ]         BPL   PFIN6          ; Keep looking - sign bit is not set
0316 e149 ae 84              [ 5 ] PFIN7   LDX   0,X            ; Get LFA
0317 e14b 8c 00 00           [ 4 ]         CMPX  #0             ; If zero we're at the end of the dictionary
0318 e14e 26 c2              [ 3 ]         BNE   PFIN1          ; Look at next word - LFA in X
0319 e150 af c4              [ 5 ]         STX   0,U            ; Put a boolean false on the stack
0320 e152 20 e9              [ 3 ]         BRA   PFIN4          ; NEXT
0321                               
0322 e154 87                               FCB   $87
0323 e155 45 4e 43 4c 4f 53                FCC   'ENCLOS'
0324 e15b c5                               FCB   $C5
0325 e15c e1 03                            FDB   PFIND-9
0326 e15e e1 60                    ENCL    FDB   *+2
0327 e160 34 20              [ 7 ]         PSHS  Y              ; Save the IP
0328 e162 37 06              [ 7 ]         PULU  D              ; Terminator character is now in B
0329 e164 ae c4              [ 5 ]         LDX   0,U            ; Get starting address, but keep it on the stack
0330 e166 10 8e ff ff        [ 4 ]         LDY   #-1            ; Set counter
0331 e16a 30 1f              [ 5 ]         LEAX  -1,X           ; Decrement starting address
0332 e16c 31 21              [ 5 ] ENCL1   LEAY  1,Y            ; Increment counter
0333 e16e 30 01              [ 5 ]         LEAX  1,X            ; Increment address
0334 e170 e1 84              [ 4 ]         CMPB  0,X            ; Is character a terminator?
0335 e172 27 f8              [ 3 ]         BEQ   ENCL1          ; Yes, continue looking
0336 e174 36 20              [ 7 ]         PSHU  Y              ; Character must be text, so push count offset
0337 e176 6d 84              [ 6 ]         TST   0,X            ; Is the character a NULL?
0338 e178 26 06              [ 3 ]         BNE   ENCL2          ; No, continue
0339 e17a 1f 21              [ 6 ]         TFR   Y,X            ; Copy counter
0340 e17c 31 21              [ 5 ]         LEAY  1,Y            ; Increment counter
0341 e17e 20 14              [ 3 ]         BRA   ENCL5          ; Do the push, get IP and do NEXT
0342 e180 31 21              [ 5 ] ENCL2   LEAY  1,Y            ; Increment counter
0343 e182 30 01              [ 5 ]         LEAX  1,X            ; Increment address
0344 e184 e1 84              [ 4 ]         CMPB  0,X            ; Is the character a terminator?
0345 e186 27 08              [ 3 ]         BEQ   ENCL4          ; Yes, finish up
0346 e188 6d 84              [ 6 ]         TST   0,X            ; No, is it a NULL?
0347 e18a 26 f4              [ 3 ]         BNE   ENCL2          ; No, continue looking
0348 e18c 1f 21              [ 6 ] ENCL3   TFR   Y,X            ; Counters are equal
0349 e18e 20 04              [ 3 ]         BRA   ENCL5          ; Do the push
0350 e190 1f 21              [ 6 ] ENCL4   TFR   Y,X            ; Copy counter
0351 e192 30 01              [ 5 ]         LEAX  1,X            ; Increment the counter
0352 e194 36 30              [ 9 ] ENCL5   PSHU  Y,X            ; Do the push
0353 e196 35 20              [ 7 ]         PULS  Y              ; Restore IP
0354 e198 ae a1              [ 8 ]         LDX   ,Y++           ; NEXT
0355 e19a 6e 91              [ 9 ]         JMP   [,X++]
0356                               
0357 e19c 84                               FCB   $84
0358 e19d 45 4d 49                         FCC   'EMI'
0359 e1a0 d4                               FCB   $D4
0360 e1a1 e1 54                            FDB   ENCL-10
0361 e1a3 e4 e4                    EMIT    FDB   DOCOL
0362 e1a5 f1 a4                            FDB   PEMIT
0363 e1a7 e5 61                            FDB   ONE
0364 e1a9 e6 3f                            FDB   OUTT
0365 e1ab e4 40                            FDB   PSTOR
0366 e1ad e3 0d                            FDB   SEMIS
0367                               
0368 e1af 83                               FCB   $83
0369 e1b0 4b 45                            FCC   'KE'
0370 e1b2 d9                               FCB   $D9
0371 e1b3 e1 9c                            FDB   EMIT-7
0372 e1b5 e4 e4                    KEY     FDB   DOCOL
0373 e1b7 f1 79                            FDB   PKEY
0374 e1b9 e3 0d                            FDB   SEMIS
0375                               
0376 e1bb 89                               FCB   $89
0377 e1bc 3f 54 45 52 4d 49                FCC   '?TERMINA'
     4e 41
0378 e1c4 cc                               FCB   $CC
0379 e1c5 e1 af                            FDB   KEY-6
0380 e1c7 e4 e4                    QTERM   FDB   DOCOL
0381 e1c9 f1 8b                            FDB   PQTER
0382 e1cb e3 0d                            FDB   SEMIS
0383                               
0384 e1cd 82                               FCB   $82
0385 e1ce 43                               FCC   'C'
0386 e1cf d2                               FCB   $D2
0387 e1d0 e1 bb                            FDB   QTERM-12
0388 e1d2 e4 e4                    CR      FDB   DOCOL
0389 e1d4 e0 37                            FDB   LIT
0390 e1d6 00 0d                            FDB   $0D
0391 e1d8 f1 a4                            FDB   PEMIT
0392 e1da e0 37                            FDB   LIT
0393 e1dc 00 0a                            FDB   $0A
0394 e1de f1 a4                            FDB   PEMIT
0395 e1e0 e3 0d                            FDB   SEMIS
0396                               
0397 e1e2 85                               FCB   $85
0398 e1e3 43 4d 4f 56                      FCC   'CMOV'
0399 e1e7 c5                               FCB   $C5
0400 e1e8 e1 cd                            FDB   CR-5
0401 e1ea e1 ec                    CMOVE   FDB   *+2
0402 e1ec 34 20              [ 7 ]         PSHS  Y              ; Save the instruction pointer
0403 e1ee 37 06              [ 7 ]         PULU  D              ; Get the count
0404 e1f0 e3 c4              [ 6 ]         ADDD  0,U            ; Add it to the destination address
0405 e1f2 37 30              [ 9 ]         PULU  X,Y            ; Destination in X, Source in Y
0406 e1f4 36 06              [ 7 ]         PSHU  D              ; Put final destination addr. on stack
0407 e1f6 a6 a0              [ 6 ] CMOV1   LDA   ,Y+            ; Do the move
0408 e1f8 a7 80              [ 6 ]         STA   ,X+
0409 e1fa ac c4              [ 6 ]         CMPX  0,U            ; At the final destination?
0410 e1fc 2d f8              [ 3 ]         BLT   CMOV1          ; If not, continue
0411 e1fe 33 42              [ 5 ]         LEAU  2,U            ; Drop final destination from the stack
0412 e200 35 20              [ 7 ]         PULS  Y              ; Restore the instruction pointer
0413 e202 ae a1              [ 8 ]         LDX   ,Y++           ; NEX
0414 e204 6e 91              [ 9 ]         JMP   [,X++]
0415                               
0416 e206 82                               FCB   $82
0417 e207 55                               FCC   'U'
0418 e208 aa                               FCB   $AA
0419 e209 e1 e2                            FDB   CMOVE-8
0420 e20b e2 0d                    USTAR   FDB   *+2            ; Unsigned multiplication subroutine
0421 e20d ec c4              [ 5 ]         LDD   0,U            ; Get OP2
0422 e20f ed 7e              [ 6 ]         STD   -2,S           ; Save it just below the return stack
0423 e211 ec 42              [ 6 ]         LDD   2,U            ; Get OP1
0424 e213 ed 7c              [ 6 ]         STD   -4,S           ; Save it also
0425 e215 6f c4              [ 6 ]         CLR   0,U            ; Clear high order word
0426 e217 6f 41              [ 7 ]         CLR   1,U            ;
0427 e219 a6 7d              [ 5 ]         LDA   -3,S           ; Get OP1 low byte
0428 e21b e6 7f              [ 5 ]         LDB   -1,S           ; Get OP2 low byte
0429 e21d 3d                 [11 ]         MUL                  ; Multiply
0430 e21e ed 42              [ 6 ]         STD   2,U            ; Save the first partial product on the stack
0431 e220 a6 7c              [ 5 ]         LDA   -4,S           ; Get OP1 high byte
0432 e222 e6 7f              [ 5 ]         LDB   -1,S           ; Get OP2 low byte
0433 e224 3d                 [11 ]         MUL                  ; Multiply
0434 e225 e3 41              [ 7 ]         ADDD  1,U            ; Add to first partial product
0435 e227 ed 41              [ 6 ]         STD   1,U            ; And update
0436 e229 a6 7d              [ 5 ]         LDA   -3,S           ; Get OP1 low byte
0437 e22b e6 7e              [ 5 ]         LDB   -2,S           ; Get OP2 high byte
0438 e22d 3d                 [11 ]         MUL                  ; Multiply
0439 e22e e3 41              [ 7 ]         ADDD  1,U            ; Add to second partial product
0440 e230 ed 41              [ 6 ]         STD   1,U            ; And update
0441 e232 24 02              [ 3 ]         BCC   NOCARY         ; Check for a carry into high byte
0442 e234 6c c4              [ 6 ]         INC   0,U            ; Add carry if neccesary
0443 e236 a6 7c              [ 5 ] NOCARY  LDA   -4,S           ; Get OP1 high byte
0444 e238 e6 7e              [ 5 ]         LDB   -2,S           ; Get OP2 high byte
0445 e23a 3d                 [11 ]         MUL                  ; Multply
0446 e23b e3 c4              [ 6 ]         ADDD  0,U            ; Add to third partial product
0447 e23d ed c4              [ 5 ]         STD   0,U            ; And update - Result is on stack
0448 e23f ae a1              [ 8 ]         LDX   ,Y++           ; NEXT
0449 e241 6e 91              [ 9 ]         JMP   [,X++]
0450                               
0451 e243 82                               FCB   $82
0452 e244 55                               FCC   'U'
0453 e245 af                               FCB   $AF
0454 e246 e2 06                            FDB   USTAR-5
0455 e248 e2 4a                    USLAS   FDB   *+2            ; 32 by 16 unsigned division routine
0456 e24a ec c4              [ 5 ]         LDD   0,U            ; Get divisor
0457 e24c 10 83 00 00        [ 5 ]         CMPD  #0             ; Check for a divide by zero
0458 e250 26 0b              [ 3 ]         BNE   USLA1          ; OK - continue
0459 e252 cc ff ff           [ 3 ]         LDD   #-1            ; Trap a divide by zero
0460 e255 33 46              [ 5 ]         LEAU  6,U            ; Drop all data from stack
0461 e257 36 06              [ 7 ]         PSHU  D              ; Set flags
0462 e259 36 06              [ 7 ]         PSHU  D              ;
0463 e25b 20 27              [ 3 ]         BRA   USLA4          ; NEXT
0464 e25d 86 20              [ 2 ] USLA1   LDA   #32            ; Set counter for 32 bit division
0465 e25f 36 02              [ 6 ]         PSHU  A              ; 0,U is the counter - 1,U is the divisor
0466 e261 ec 43              [ 6 ]         LDD   3,U            ; 3,U and 5,U are the high and low words of
0467 e263 4f                 [ 2 ]         CLRA                 ; the dividend
0468 e264 5f                 [ 2 ]         CLRB                 ;
0469 e265 68 46              [ 7 ] USLA2   ASL   6,U            ; Shift dividend and quotient
0470 e267 69 45              [ 7 ]         ROL   5,U
0471 e269 69 44              [ 7 ]         ROL   4,U
0472 e26b 69 43              [ 7 ]         ROL   3,U
0473 e26d 59                 [ 2 ]         ROLB                 ; Shift dividend into D register
0474 e26e 49                 [ 2 ]         ROLA
0475 e26f 10 a3 41           [ 8 ]         CMPD  1,U            ; Is dividend greater than the divisor?
0476 e272 25 04              [ 3 ]         BLO   USLA3          ; No, skip subtraction
0477 e274 a3 41              [ 7 ]         SUBD  1,U            ; Yes, do subtraction
0478 e276 6c 46              [ 7 ]         INC   6,U            ; Increment low byte quotient
0479 e278 6a c4              [ 6 ] USLA3   DEC   0,U            ; Decrement counter
0480 e27a 26 e9              [ 3 ]         BNE   USLA2          ; Loop for a non-zero count
0481 e27c ae 45              [ 6 ]         LDX   5,U            ; Now the remainder is in D, the quotient is at 5,U
0482 e27e 33 47              [ 5 ]         LEAU  7,U            ; Drop data on the stack
0483 e280 36 06              [ 7 ]         PSHU  D              ; Push remainder
0484 e282 36 10              [ 7 ]         PSHU  X              ; Push quotient
0485 e284 ae a1              [ 8 ] USLA4   LDX   ,Y++           ; NEXT
0486 e286 6e 91              [ 9 ]         JMP   [,X++]
0487                               
0488 e288 83                               FCB   $83
0489 e289 41 4e                            FCC   'AN'
0490 e28b c4                               FCB   $C4
0491 e28c e2 43                            FDB   USLAS-5
0492 e28e e2 90                    ANDD    FDB   *+2
0493 e290 37 06              [ 7 ]         PULU  D              ; Get top of stack
0494 e292 a4 c4              [ 4 ]         ANDA  0,U            ; AND high order byte
0495 e294 e4 41              [ 5 ]         ANDB  1,U            ; AND low order byte
0496 e296 ed c4              [ 5 ]         STD   0,U            ; Leave result on stack
0497 e298 ae a1              [ 8 ]         LDX   ,Y++           ; NEXT
0498 e29a 6e 91              [ 9 ]         JMP   [,X++]
0499                               
0500 e29c 82                               FCB   $82
0501 e29d 4f                               FCC   'O'
0502 e29e d2                               FCB   $D2
0503 e29f e2 88                            FDB   ANDD-6
0504 e2a1 e2 a3                    ORR     FDB   *+2
0505 e2a3 37 06              [ 7 ]         PULU  D              ; Get top of stack
0506 e2a5 aa c4              [ 4 ]         ORA   0,U            ; OR high order byte
0507 e2a7 ea 41              [ 5 ]         ORB   1,U            ; OR low order byte
0508 e2a9 ed c4              [ 5 ]         STD   0,U            ; Leave result on stack
0509 e2ab ae a1              [ 8 ]         LDX   ,Y++           ; NEXT
0510 e2ad 6e 91              [ 9 ]         JMP   [,X++]
0511                               
0512 e2af 83                               FCB   $83
0513 e2b0 58 4f                            FCC   'XO'
0514 e2b2 d2                               FCB   $D2
0515 e2b3 e2 9c                            FDB   ORR-5
0516 e2b5 e2 b7                    XORR    FDB   *+2
0517 e2b7 37 06              [ 7 ]         PULU  D              ; Get top stack
0518 e2b9 a8 c4              [ 4 ]         EORA  0,U            ; XOR high order byte
0519 e2bb e8 41              [ 5 ]         EORB  1,U            ; XOR low order byte
0520 e2bd ed c4              [ 5 ]         STD   0,U            ; Leave result on stack
0521 e2bf ae a1              [ 8 ]         LDX   ,Y++           ; NEXT
0522 e2c1 6e 91              [ 9 ]         JMP   [,X++]
0523                               
0524 e2c3 83                               FCB   $83
0525 e2c4 53 50                            FCC   'SP'
0526 e2c6 c0                               FCB   $C0
0527 e2c7 e2 af                            FDB   XORR-6
0528 e2c9 e2 cb                    SPAT    FDB   *+2
0529 e2cb 1f 30              [ 6 ]         TFR   U,D            ; Get current parameter stack pointer
0530 e2cd 36 06              [ 7 ]         PSHU  D              ; Put it on the stack
0531 e2cf ae a1              [ 8 ]         LDX   ,Y++           ; NEXT
0532 e2d1 6e 91              [ 9 ]         JMP   [,X++]
0533                               
0534 e2d3 83                               FCB   $83
0535 e2d4 53 50                            FCC   'SP'
0536 e2d6 a1                               FCB   $A1
0537 e2d7 e2 c3                            FDB   SPAT-6
0538 e2d9 e2 db                    SPSTO   FDB   *+2
0539 e2db be e0 2d           [ 6 ]         LDX   UP             ; Initial user pointer
0540 e2de 30 06              [ 5 ]         LEAX  6,X            ; Point to location in user table
0541 e2e0 ee 84              [ 5 ]         LDU   0,X            ; Get parameter stack pointer
0542 e2e2 ae a1              [ 8 ]         LDX   ,Y++           ; NEXT
0543 e2e4 6e 91              [ 9 ]         JMP   [,X++]
0544                               
0545 e2e6 83                               FCB   $83
0546 e2e7 52 50                            FCC   'RP'
0547 e2e9 c0                               FCB   $C0
0548 e2ea e2 d3                            FDB   SPSTO-6
0549 e2ec e2 ee                    RPAT    FDB   *+2
0550 e2ee 36 40              [ 7 ]         PSHU  S              ; Get current return stack pointer
0551 e2f0 ae a1              [ 8 ]         LDX   ,Y++           ; NEXT
0552 e2f2 6e 91              [ 9 ]         JMP   [,X++]
0553                               
0554 e2f4 83                               FCB   $83
0555 e2f5 52 50                            FCC   'RP'
0556 e2f7 a1                               FCB   $A1
0557 e2f8 e2 e6                            FDB   RPAT-6
0558 e2fa e2 fc                    RPSTO   FDB   *+2
0559 e2fc be e0 2d           [ 6 ]         LDX   UP             ; Initial user pointer
0560 e2ff 30 08              [ 5 ]         LEAX  8,X            ; Point to location in user table
0561 e301 10 ee 84           [ 6 ]         LDS   0,X            ; Get return stack pointer
0562 e304 ae a1              [ 8 ]         LDX   ,Y++           ; NEXT
0563 e306 6e 91              [ 9 ]         JMP   [,X++]
0564                               
0565 e308 82                               FCB   $82
0566 e309 3b                               FCC   ';'
0567 e30a d3                               FCB   $D3
0568 e30b e2 f4                            FDB   RPSTO-6
0569 e30d e3 0f                    SEMIS   FDB   *+2
0570 e30f 35 20              [ 7 ]         PULS  Y              ; Fetch old IP
0571 e311 ae a1              [ 8 ]         LDX   ,Y++           ; NEXT
0572 e313 6e 91              [ 9 ]         JMP   [,X++]
0573                               
0574 e315 85                               FCB   $85
0575 e316 4c 45 41 56                      FCC   'LEAV'
0576 e31a c5                               FCB   $C5
0577 e31b e3 08                            FDB   SEMIS-5
0578 e31d e3 1f                    LEAVE   FDB   *+2
0579 e31f ec e4              [ 5 ]         LDD   0,S            ; Get index
0580 e321 ed 62              [ 6 ]         STD   2,S            ; Store at limit
0581 e323 ae a1              [ 8 ]         LDX   ,Y++           ; NEXT
0582 e325 6e 94              [ 6 ]         JMP   [0,X]
0583                               
0584 e327 82                               FCB   $82
0585 e328 3e                               FCC   '>'
0586 e329 d2                               FCB   $D2
0587 e32a e3 15                            FDB   LEAVE-8
0588 e32c e3 2e                    TOR     FDB   *+2
0589 e32e 37 06              [ 7 ]         PULU  D              ; Get top of parameter stack
0590 e330 34 06              [ 7 ]         PSHS  D              ; Push it to the return stack
0591 e332 ae a1              [ 8 ]         LDX   ,Y++           ; NEXT
0592 e334 6e 91              [ 9 ]         JMP   [,X++]
0593                               
0594 e336 82                               FCB   $82
0595 e337 52                               FCC   'R'
0596 e338 be                               FCB   $BE
0597 e339 e3 27                            FDB   TOR-5
0598 e33b e3 3d                    FROMR   FDB   *+2
0599 e33d 35 06              [ 7 ]         PULS  D              ; Get top of return stack
0600 e33f 36 06              [ 7 ]         PSHU  D              ; Push it to the parameter stack
0601 e341 ae a1              [ 8 ]         LDX   ,Y++           ; NEXT
0602 e343 6e 91              [ 9 ]         JMP   [,X++]
0603                               
0604 e345 81                               FCB   $81
0605 e346 d2                               FCB   $D2
0606 e347 e3 36                            FDB   FROMR-5
0607 e349 e0 c4                    RR      FDB   IDO+2          ; Does the same as I
0608                               
0609 e34b 82                               FCB   $82
0610 e34c 30                               FCC   '0'
0611 e34d bd                               FCB   $BD
0612 e34e e3 45                            FDB   RR-4
0613 e350 e3 52                    ZEQU    FDB   *+2
0614 e352 37 06              [ 7 ]         PULU  D              ; Get top of stack
0615 e354 8e 00 01           [ 3 ]         LDX   #1             ; Assume TRUE
0616 e357 10 83 00 00        [ 5 ]         CMPD  #0             ; Compare to zero
0617 e35b 27 02              [ 3 ]         BEQ   ZEQ1           ; See if assumtion is correct
0618 e35d 30 1f              [ 5 ]         LEAX  -1,X           ; No, it is FALSE
0619 e35f 36 10              [ 7 ] ZEQ1    PSHU  X              ; Leave flag
0620 e361 ae a1              [ 8 ]         LDX   ,Y++           ; NEXT
0621 e363 6e 91              [ 9 ]         JMP   [,X++]
0622                               
0623 e365 82                               FCB   $82
0624 e366 30                               FCC   '0'
0625 e367 bc                               FCB   $BC
0626 e368 e3 4b                            FDB   ZEQU-5
0627 e36a e3 6c                    ZLESS   FDB   *+2
0628 e36c 37 06              [ 7 ]         PULU  D              ; Get top of stack
0629 e36e 8e 00 01           [ 3 ]         LDX   #1             ; Assume TRUE
0630 e371 10 83 00 00        [ 5 ]         CMPD  #0             ; Compare to zero
0631 e375 2d 02              [ 3 ]         BLT   ZLESS1         ; Check assumption
0632 e377 30 1f              [ 5 ]         LEAX  -1,X           ; No, it is FALSE
0633 e379 36 10              [ 7 ] ZLESS1  PSHU  X              ; Leave flag
0634 e37b ae a1              [ 8 ]         LDX   ,Y++           ; NEXT
0635 e37d 6e 91              [ 9 ]         JMP   [,X++]
0636                               
0637 e37f 81                               FCB   $81
0638 e380 ab                               FCB   $AB
0639 e381 e3 65                            FDB   ZLESS-5
0640 e383 e3 85                    PLUS    FDB   *+2
0641 e385 37 06              [ 7 ]         PULU  D              ; Get top of stack
0642 e387 e3 c4              [ 6 ]         ADDD  0,U            ; Add it to new top of stack
0643 e389 ed c4              [ 5 ]         STD   0,U            ; Put sum on top of stack
0644 e38b ae a1              [ 8 ]         LDX   ,Y++           ; NEXT
0645 e38d 6e 91              [ 9 ]         JMP   [,X++]
0646                               
0647 e38f 82                               FCB   $82
0648 e390 44                               FCC   'D'
0649 e391 ab                               FCB   $AB
0650 e392 e3 7f                            FDB   PLUS-4
0651 e394 e3 96                    DPLUS   FDB   *+2
0652 e396 4f                 [ 2 ]         CLRA                 ; Clear A and the carry bit
0653 e397 c6 04              [ 2 ]         LDB   #4             ; Do four bytes
0654 e399 1f 31              [ 6 ]         TFR   U,X            ; Get a reference to the top of the stack
0655 e39b a6 03              [ 5 ] DPLU1   LDA   3,X            ; Get a byte from D2
0656 e39d a9 07              [ 5 ]         ADCA  7,X            ; Add it to a byte from D1 with the carry
0657 e39f a7 07              [ 5 ]         STA   7,X            ; Update
0658 e3a1 30 1f              [ 5 ]         LEAX  -1,X           ; Adjust X
0659 e3a3 5a                 [ 2 ]         DECB                 ; Decrement counter
0660 e3a4 26 f5              [ 3 ]         BNE   DPLU1          ; Loop if not done
0661 e3a6 33 44              [ 5 ]         LEAU  4,U            ; Adjust stack
0662 e3a8 ae a1              [ 8 ]         LDX   ,Y++           ; NEXT
0663 e3aa 6e 91              [ 9 ]         JMP   [,X++]
0664                               
0665 e3ac 85                               FCB   $85
0666 e3ad 4d 49 4e 55                      FCC   'MINU'
0667 e3b1 d3                               FCB   $D3
0668 e3b2 e3 8f                            FDB   DPLUS-5
0669 e3b4 e3 b6                    MINUS   FDB   *+2
0670 e3b6 4f                 [ 2 ]         CLRA
0671 e3b7 5f                 [ 2 ]         CLRB                 ; Clear D
0672 e3b8 a3 c4              [ 6 ]         SUBD  0,U            ; Get twos complement in D
0673 e3ba ed c4              [ 5 ]         STD   0,U            ; Update
0674 e3bc ae a1              [ 8 ]         LDX   ,Y++           ; NEXT
0675 e3be 6e 91              [ 9 ]         JMP   [,X++]
0676                               
0677 e3c0 86                               FCB   $86
0678 e3c1 44 4d 49 4e 55                   FCC   'DMINU'
0679 e3c6 d3                               FCB   $D3
0680 e3c7 e3 ac                            FDB   MINUS-8
0681 e3c9 e3 cb                    DMINU   FDB   *+2
0682 e3cb 63 c4              [ 6 ]         COM   0,U            ; Complement the high order bytes of
0683 e3cd 63 41              [ 7 ]         COM   1,U            ; The double number
0684 e3cf 63 42              [ 7 ]         COM   2,U            ;
0685 e3d1 60 43              [ 7 ]         NEG   3,U            ; Twos complement the lowest byte
0686 e3d3 26 0a              [ 3 ]         BNE   DMIN1          ; And add carrys as needed
0687 e3d5 6c 42              [ 7 ]         INC   2,U            ;
0688 e3d7 26 06              [ 3 ]         BNE   DMIN1          ;
0689 e3d9 6c 41              [ 7 ]         INC   1,U            ;
0690 e3db 26 02              [ 3 ]         BNE   DMIN1          ;
0691 e3dd 6c c4              [ 6 ]         INC   0,U            ;
0692 e3df ae a1              [ 8 ] DMIN1   LDX   ,Y++           ; NEXT
0693 e3e1 6e 91              [ 9 ]         JMP   [,X++]
0694                               
0695 e3e3 84                               FCB   $84
0696 e3e4 4f 56 45                         FCC   'OVE'
0697 e3e7 d2                               FCB   $D2
0698 e3e8 e3 c0                            FDB   DMINU-9
0699 e3ea e3 ec                    OVER    FDB   *+2
0700 e3ec ec 42              [ 6 ]         LDD   2,U            ; Get 2nd item on stack
0701 e3ee 36 06              [ 7 ]         PSHU  D              ; Put it on the stack
0702 e3f0 ae a1              [ 8 ]         LDX   ,Y++           ; NEXT
0703 e3f2 6e 91              [ 9 ]         JMP   [,X++]
0704                               
0705 e3f4 84                               FCB   $84
0706 e3f5 44 52 4f                         FCC   'DRO'
0707 e3f8 d0                               FCB   $D0
0708 e3f9 e3 e3                            FDB   OVER-7
0709 e3fb e3 fd                    DROP    FDB   *+2
0710 e3fd 33 42              [ 5 ]         LEAU  2,U            ; Adjust stack pointer
0711 e3ff ae a1              [ 8 ]         LDX   ,Y++           ; NEXT
0712 e401 6e 91              [ 9 ]         JMP   [,X++]
0713                               
0714 e403 84                               FCB   $84
0715 e404 53 57 41                         FCC   'SWA'
0716 e407 d0                               FCB   $D0
0717 e408 e3 f4                            FDB   DROP-7
0718 e40a e4 0c                    SWAP    FDB   *+2
0719 e40c 37 06              [ 7 ]         PULU  D              ; Get top of stack
0720 e40e 37 10              [ 7 ]         PULU  X              ; Get 2nd on stack
0721 e410 36 06              [ 7 ]         PSHU  D              ; Top of stack is now 2nd
0722 e412 36 10              [ 7 ]         PSHU  X              ; 2nd is now top of stack
0723 e414 ae a1              [ 8 ]         LDX   ,Y++           ; NEXT
0724 e416 6e 91              [ 9 ]         JMP   [,X++]
0725                               
0726 e418 83                               FCB   $83
0727 e419 44 55                            FCC   'DU'
0728 e41b d0                               FCB   $D0
0729 e41c e4 03                            FDB   SWAP-7
0730 e41e e4 20                    DUP     FDB   *+2
0731 e420 ec c4              [ 5 ]         LDD   0,U            ; Get top of stack
0732 e422 36 06              [ 7 ]         PSHU  D              ; Push it back on the stack
0733 e424 ae a1              [ 8 ]         LDX   ,Y++           ; NEXT
0734 e426 6e 91              [ 9 ]         JMP   [,X++]
0735                               
0736 e428 84                               FCB   $84
0737 e429 32 44 55                         FCC   '2DU'
0738 e42c d0                               FCB   $D0
0739 e42d e4 18                            FDB   DUP-6
0740 e42f e4 31                    TDUP    FDB   *+2
0741 e431 ec c4              [ 5 ]         LDD   0,U            ; Get high order word
0742 e433 ae 42              [ 6 ]         LDX   2,U            ; Get low order word
0743 e435 36 16              [ 9 ]         PSHU  X,D            ; Do the DUP
0744 e437 ae a1              [ 8 ]         LDX   ,Y++           ; NEXT
0745 e439 6e 91              [ 9 ]         JMP   [,X++]
0746                               
0747 e43b 82                               FCB   $82
0748 e43c 2b                               FCC   '+'
0749 e43d a1                               FCB   $A1
0750 e43e e4 28                            FDB   TDUP-7
0751 e440 e4 42                    PSTOR   FDB   *+2
0752 e442 37 10              [ 7 ]         PULU  X              ; Get address
0753 e444 37 06              [ 7 ]         PULU  D              ; Get increment
0754 e446 e3 84              [ 6 ]         ADDD  0,X            ; Do addition
0755 e448 ed 84              [ 5 ]         STD   0,X            ; Store addition
0756 e44a ae a1              [ 8 ]         LDX   ,Y++           ; NEXT
0757 e44c 6e 91              [ 9 ]         JMP   [,X++]
0758                               
0759 e44e 86                               FCB   $86
0760 e44f 54 4f 47 47 4c                   FCC   'TOGGL'
0761 e454 c5                               FCB   $C5
0762 e455 e4 3b                            FDB   PSTOR-5
0763 e457 e4 59                    TOGGL   FDB   *+2
0764 e459 37 16              [ 9 ]         PULU  D,X            ; Get bit pattern in B, address in X
0765 e45b e8 84              [ 4 ]         EORB  0,X            ; Do the TOGGLE
0766 e45d e7 84              [ 4 ]         STB   0,X            ; Replace byte
0767 e45f ae a1              [ 8 ]         LDX   ,Y++           ; NEXT
0768 e461 6e 91              [ 9 ]         JMP   [,X++]
0769                               
0770 e463 81                               FCB   $81
0771 e464 c0                               FCB   $C0
0772 e465 e4 4e                            FDB   TOGGL-9
0773 e467 e4 69                    AT      FDB   *+2
0774 e469 ec d4              [ 8 ]         LDD   [0,U]          ; Fetch word pointed to by top of stack
0775 e46b ed c4              [ 5 ]         STD   0,U            ; Put word on the top of stack
0776 e46d ae a1              [ 8 ]         LDX   ,Y++           ; NEXT
0777 e46f 6e 91              [ 9 ]         JMP   [,X++]
0778                               
0779 e471 82                               FCB   $82
0780 e472 43                               FCC   'C'
0781 e473 c0                               FCB   $C0
0782 e474 e4 63                            FDB   AT-4
0783 e476 e4 78                    CAT     FDB   *+2
0784 e478 e6 d4              [ 7 ]         LDB   [0,U]          ; Fetch byte pointed to by top of stack
0785 e47a 4f                 [ 2 ]         CLRA                 ; Clear high order byte
0786 e47b ed c4              [ 5 ]         STD   0,U            ; Put word on the top of the stack
0787 e47d ae a1              [ 8 ]         LDX   ,Y++           ; NEXT
0788 e47f 6e 91              [ 9 ]         JMP   [,X++]
0789                               
0790                               
0791 e481 82                               FCB   $82
0792 e482 32                               FCC   '2'
0793 e483 c0                               FCB   $C0
0794 e484 e4 71                            FDB   CAT-5
0795 e486 e4 88                    TAT     FDB   *+2
0796 e488 37 10              [ 7 ]         PULU  X              ; Get pointer
0797 e48a ec 02              [ 6 ]         LDD   2,X            ; Get least significant word
0798 e48c 36 06              [ 7 ]         PSHU  D              ; Push it
0799 e48e ec 84              [ 5 ]         LDD   0,X            ; Get most significant word
0800 e490 36 06              [ 7 ]         PSHU  D              ; Push it
0801 e492 ae a1              [ 8 ]         LDX   ,Y++           ; NEXT
0802 e494 6e 91              [ 9 ]         JMP   [,X++]
0803                               
0804 e496 81                               FCB   $81
0805 e497 a1                               FCB   $A1
0806 e498 e4 81                            FDB   TAT-5
0807 e49a e4 9c                    STORE   FDB   *+2
0808 e49c 37 10              [ 7 ]         PULU  X              ; Get address
0809 e49e 37 06              [ 7 ]         PULU  D              ; Get word in D register
0810 e4a0 ed 84              [ 5 ]         STD   0,X            ; Store word at address
0811 e4a2 ae a1              [ 8 ]         LDX   ,Y++           ; NEXT
0812 e4a4 6e 91              [ 9 ]         JMP   [,X++]
0813                               
0814 e4a6 82                               FCB   $82
0815 e4a7 43                               FCC   'C'
0816 e4a8 a1                               FCB   $A1
0817 e4a9 e4 96                            FDB   STORE-4
0818 e4ab e4 ad                    CSTOR   FDB   *+2
0819 e4ad 37 10              [ 7 ]         PULU  X              ; Get address
0820 e4af 37 06              [ 7 ]         PULU  D              ; Get byte in B register
0821 e4b1 e7 84              [ 4 ]         STB   0,X            ; Store byte at address
0822 e4b3 ae a1              [ 8 ]         LDX   ,Y++           ; NEXT
0823 e4b5 6e 91              [ 9 ]         JMP   [,X++]
0824                               
0825 e4b7 82                               FCB   $82
0826 e4b8 32                               FCC   '2'
0827 e4b9 a1                               FCB   $A1
0828 e4ba e4 a6                            FDB   CSTOR-5
0829 e4bc e4 be                    TSTOR   FDB   *+2
0830 e4be 37 10              [ 7 ]         PULU  X              ; Get address
0831 e4c0 37 06              [ 7 ]         PULU  D              ; Get most significant word
0832 e4c2 ed 84              [ 5 ]         STD   0,X            ; Store it
0833 e4c4 37 06              [ 7 ]         PULU  D              ; Get least significant word
0834 e4c6 ed 02              [ 6 ]         STD   2,X            ; Store it
0835 e4c8 ae a1              [ 8 ]         LDX   ,Y++           ; NEXT
0836 e4ca 6e 91              [ 9 ]         JMP   [,X++]
0837                               
0838 e4cc c1                               FCB   $C1
0839 e4cd ba                               FCB   $BA
0840 e4ce e4 b7                            FDB   TSTOR-5
0841 e4d0 e4 e4                    COLON   FDB   DOCOL
0842 e4d2 e8 8c                            FDB   QEXEC
0843 e4d4 e8 47                            FDB   SCSP
0844 e4d6 e6 72                            FDB   CURR
0845 e4d8 e4 67                            FDB   AT
0846 e4da e6 64                            FDB   CONT
0847 e4dc e4 9a                            FDB   STORE
0848 e4de ed 3d                            FDB   CREAT
0849 e4e0 e9 11                            FDB   RBRAC
0850 e4e2 e9 64                            FDB   PSCOD
0851 e4e4 34 20              [ 7 ] DOCOL   PSHS  Y              ; Store IP
0852 e4e6 31 84              [ 4 ]         LEAY  0,X            ; New IP = WP
0853 e4e8 ae a1              [ 8 ]         LDX   ,Y++           ; NEXT
0854 e4ea 6e 91              [ 9 ]         JMP   [,X++]
0855                               
0856 e4ec c1                               FCB   $C1
0857 e4ed bb                               FCB   $BB
0858 e4ee e4 cc                            FDB   COLON-4
0859 e4f0 e4 e4                    SEMI    FDB   DOCOL
0860 e4f2 e8 b6                            FDB   QCSP
0861 e4f4 e8 ed                            FDB   COMP
0862 e4f6 e3 0d                            FDB   SEMIS
0863 e4f8 e9 26                            FDB   SMUDG
0864 e4fa e9 03                            FDB   LBRAC
0865 e4fc e3 0d                            FDB   SEMIS
0866                               
0867 e4fe 84                               FCB   $84
0868 e4ff 4e 4f 4f                         FCC   'NOO'
0869 e502 d0                               FCB   $D0
0870 e503 e4 ec                            FDB   SEMI-4
0871 e505 e4 e4                    NOOP    FDB   DOCOL
0872 e507 e3 0d                            FDB   SEMIS
0873                               
0874 e509 88                               FCB   $88
0875 e50a 43 4f 4e 53 54 41                FCC   'CONSTAN'
     4e
0876 e511 d4                               FCB   $D4
0877 e512 e4 fe                            FDB   NOOP-7
0878 e514 e4 e4                    CON     FDB   DOCOL
0879 e516 ed 3d                            FDB   CREAT
0880 e518 e9 26                            FDB   SMUDG
0881 e51a e7 05                            FDB   COMMA
0882 e51c e9 64                            FDB   PSCOD
0883 e51e ec 84              [ 5 ] DOCON   LDD   0,X            ; Get data pointed to by WP
0884 e520 36 06              [ 7 ]         PSHU  D              ; Push it on the stack
0885 e522 ae a1              [ 8 ]         LDX   ,Y++           ; NEXT
0886 e524 6e 91              [ 9 ]         JMP   [,X++]
0887                               
0888 e526 88                               FCB   $88
0889 e527 56 41 52 49 41 42                FCC   'VARIABL'
     4c
0890 e52e c5                               FCB   $C5
0891 e52f e5 09                            FDB   CON-11
0892 e531 e4 e4                    VAR     FDB   DOCOL
0893 e533 e5 14                            FDB   CON
0894 e535 e9 64                            FDB   PSCOD
0895 e537 36 10              [ 7 ] DOVAR   PSHU  X              ; Push the word pointer on the stack
0896 e539 ae a1              [ 8 ]         LDX   ,Y++           ; NEXT
0897 e53b 6e 91              [ 9 ]         JMP   [,X++]
0898                               
0899 e53d 84                               FCB   $84
0900 e53e 55 53 45                         FCC   'USE'
0901 e541 d2                               FCB   $D2
0902 e542 e5 26                            FDB   VAR-11
0903 e544 e4 e4                    USER    FDB   DOCOL
0904 e546 e5 14                            FDB   CON
0905 e548 e9 64                            FDB   PSCOD
0906 e54a fc e0 2d           [ 6 ] DOUSE   LDD   UP             ; Get initial user pointer
0907 e54d e3 84              [ 6 ]         ADDD  0,X            ; Add the offset
0908 e54f 36 06              [ 7 ]         PSHU  D              ; Put it on the stack
0909 e551 ae a1              [ 8 ]         LDX   ,Y++           ; NEXT
0910 e553 6e 91              [ 9 ]         JMP   [,X++]
0911                               
0912 e555 81                               FCB   $81
0913 e556 b0                               FCB   $B0
0914 e557 e5 3d                            FDB   USER-7
0915 e559 e5 1e                    ZERO    FDB   DOCON
0916 e55b 00 00                            FDB   0
0917                               
0918 e55d 81                               FCB   $81
0919 e55e b1                               FCB   $B1
0920 e55f e5 55                            FDB   ZERO-4
0921 e561 e5 1e                    ONE     FDB   DOCON
0922 e563 00 01                            FDB   1
0923                               
0924 e565 81                               FCB   $81
0925 e566 b2                               FCB   $B2
0926 e567 e5 5d                            FDB   ONE-4
0927 e569 e5 1e                    TWO     FDB   DOCON
0928 e56b 00 02                            FDB   2
0929                               
0930 e56d 81                               FCB   $81
0931 e56e b3                               FCB   $B3
0932 e56f e5 65                            FDB   TWO-4
0933 e571 e5 1e                    THREE   FDB   DOCON
0934 e573 00 03                            FDB   3
0935                               
0936 e575 82                               FCB   $82
0937 e576 42                               FCC   'B'
0938 e577 cc                               FCB   $CC
0939 e578 e5 6d                            FDB   THREE-4
0940 e57a e5 1e                    BLS     FDB   DOCON
0941 e57c 00 20                            FDB   $20
0942                               
0943 e57e 83                               FCB   $83
0944 e57f 43 2f                            FCC   'C/'
0945 e581 cc                               FCB   $CC
0946 e582 e5 75                            FDB   BLS-5
0947 e584 e5 1e                    CSLL    FDB   DOCON
0948 e586 00 40                            FDB   64
0949                               
0950 e588 85                               FCB   $85
0951 e589 46 49 52 53                      FCC   'FIRS'
0952 e58d d4                               FCB   $D4
0953 e58e e5 7e                            FDB   CSLL-6
0954 e590 e5 1e                    FIRST   FDB   DOCON
0955 e592 e0 00                            FDB   BUF1
0956                               
0957 e594 85                               FCB   $85
0958 e595 4c 49 4d 49                      FCC   'LIMI'
0959 e599 d4                               FCB   $D4
0960 e59a e5 88                            FDB   FIRST-8
0961 e59c e5 1e                    LIMIT   FDB   DOCON
0962 e59e e0 00                            FDB   EM
0963                               
0964 e5a0 85                               FCB   $85
0965 e5a1 42 2f 42 55                      FCC   'B/BU'
0966 e5a5 c6                               FCB   $C6
0967 e5a6 e5 94                            FDB   LIMIT-8
0968 e5a8 e5 1e                    BBUF    FDB   DOCON
0969 e5aa 00 80                            FDB   KBBUF
0970                               
0971 e5ac 85                               FCB   $85
0972 e5ad 42 2f 53 43                      FCC   'B/SC'
0973 e5b1 d2                               FCB   $D2
0974 e5b2 e5 a0                            FDB   BBUF-8
0975 e5b4 e5 1e                    BSCR    FDB   DOCON
0976 e5b6 00 08                            FDB   $08
0977                               
0978 e5b8 87                               FCB   $87
0979 e5b9 2b 4f 52 49 47 49                FCC   '+ORIGI'
0980 e5bf ce                               FCB   $CE
0981 e5c0 e5 ac                            FDB   BSCR-8
0982 e5c2 e4 e4                    PORIG   FDB   DOCOL
0983 e5c4 e0 37                            FDB   LIT
0984 e5c6 e0 00                            FDB   ORIG
0985 e5c8 e3 83                            FDB   PLUS
0986 e5ca e3 0d                            FDB   SEMIS
0987                               
0988                               *************************************************
0989                               *                                               *
0990                               *                 USER VARIABLES                *
0991                               *                                               *
0992                               *************************************************
0993 e5cc 82                               FCB   $82
0994 e5cd 53                               FCC   'S'
0995 e5ce b0                               FCB   $B0
0996 e5cf e5 b8                            FDB   PORIG-10
0997 e5d1 e5 4a                    SZERO   FDB   DOUSE
0998 e5d3 00 06                            FDB   6
0999                               
1000 e5d5 82                               FCB   $82
1001 e5d6 52                               FCC   'R'
1002 e5d7 b0                               FCB   $B0
1003 e5d8 e5 cc                            FDB   SZERO-5
1004 e5da e5 4a                    RZERO   FDB   DOUSE
1005 e5dc 00 08                            FDB   8
1006                               
1007 e5de 83                               FCB   $83
1008 e5df 54 49                            FCC   'TI'
1009 e5e1 c2                               FCB   $C2
1010 e5e2 e5 d5                            FDB   RZERO-5
1011 e5e4 e5 4a                    TIB     FDB   DOUSE
1012 e5e6 00 0a                            FDB   10
1013                               
1014 e5e8 85                               FCB   $85
1015 e5e9 57 49 44 54                      FCC   'WIDT'
1016 e5ed c8                               FCB   $C8
1017 e5ee e5 de                            FDB   TIB-6
1018 e5f0 e5 4a                    WIDTH   FDB   DOUSE
1019 e5f2 00 0c                            FDB   12
1020                               
1021 e5f4 87                               FCB   $87
1022 e5f5 57 41 52 4e 49 4e                FCC   'WARNIN'
1023 e5fb c7                               FCB   $C7
1024 e5fc e5 e8                            FDB   WIDTH-8
1025 e5fe e5 4a                    WARN    FDB   DOUSE
1026 e600 00 0e                            FDB   14
1027                               
1028 e602 85                               FCB   $85
1029 e603 46 45 4e 43                      FCC   'FENC'
1030 e607 c5                               FCB   $C5
1031 e608 e5 f4                            FDB   WARN-10
1032 e60a e5 4a                    FENCE   FDB   DOUSE
1033 e60c 00 10                            FDB   16
1034                               
1035 e60e 82                               FCB   $82
1036 e60f 44                               FCC   'D'
1037 e610 d0                               FCB   $D0
1038 e611 e6 02                            FDB   FENCE-8
1039 e613 e5 4a                    DP      FDB   DOUSE
1040 e615 00 12                            FDB   18
1041                               
1042 e617 88                               FCB   $88
1043 e618 56 4f 43 2d 4c 49                FCC   'VOC-LIN'
     4e
1044 e61f cb                               FCB   $CB
1045 e620 e6 0e                            FDB   DP-5
1046 e622 e5 4a                    VOCL    FDB   DOUSE
1047 e624 00 14                            FDB   20
1048                               
1049 e626 83                               FCB   $83
1050 e627 42 4c                            FCC   'BL'
1051 e629 cb                               FCB   $CB
1052 e62a e6 17                            FDB   VOCL-11
1053 e62c e5 4a                    BLK     FDB   DOUSE
1054 e62e 00 16                            FDB   22
1055                               
1056 e630 82                               FCB   $82
1057 e631 49                               FCC   'I'
1058 e632 ce                               FCB   $CE
1059 e633 e6 26                            FDB   BLK-6
1060 e635 e5 4a                    INN     FDB   DOUSE
1061 e637 00 18                            FDB   24
1062                               
1063 e639 83                               FCB   $83
1064 e63a 4f 55                            FCC   'OU'
1065 e63c d4                               FCB   $D4
1066 e63d e6 30                            FDB   INN-5
1067 e63f e5 4a                    OUTT    FDB   DOUSE
1068 e641 00 1a                            FDB   26
1069                               
1070 e643 83                               FCB   $83
1071 e644 53 43                            FCC   'SC'
1072 e646 d2                               FCB   $D2
1073 e647 e6 39                            FDB   OUTT-6
1074 e649 e5 4a                    SCR     FDB   DOUSE
1075 e64b 00 1c                            FDB   28
1076                               
1077 e64d 86                               FCB   $86
1078 e64e 4f 46 46 53 45                   FCC   'OFFSE'
1079 e653 d4                               FCB   $D4
1080 e654 e6 43                            FDB   SCR-6
1081 e656 e5 4a                    OFSET   FDB   DOUSE
1082 e658 00 1e                            FDB   30
1083                               
1084 e65a 87                               FCB   $87
1085 e65b 43 4f 4e 54 45 58                FCC   'CONTEX'
1086 e661 d4                               FCB   $D4
1087 e662 e6 4d                            FDB   OFSET-9
1088 e664 e5 4a                    CONT    FDB   DOUSE
1089 e666 00 20                            FDB   32
1090                               
1091 e668 87                               FCB   $87
1092 e669 43 55 52 52 45 4e                FCC   'CURREN'
1093 e66f d4                               FCB   $D4
1094 e670 e6 5a                            FDB   CONT-10
1095 e672 e5 4a                    CURR    FDB   DOUSE
1096 e674 00 22                            FDB   34
1097                               
1098 e676 85                               FCB   $85
1099 e677 53 54 41 54                      FCC   'STAT'
1100 e67b c5                               FCB   $C5
1101 e67c e6 68                            FDB   CURR-10
1102 e67e e5 4a                    STATE   FDB   DOUSE
1103 e680 00 24                            FDB   36
1104                               
1105 e682 84                               FCB   $84
1106 e683 42 41 53                         FCC   'BAS'
1107 e686 c5                               FCB   $C5
1108 e687 e6 76                            FDB   STATE-8
1109 e689 e5 4a                    BASE    FDB   DOUSE
1110 e68b 00 26                            FDB   38
1111                               
1112 e68d 83                               FCB   $83
1113 e68e 44 50                            FCC   'DP'
1114 e690 cc                               FCB   $CC
1115 e691 e6 82                            FDB   BASE-7
1116 e693 e5 4a                    DPL     FDB   DOUSE
1117 e695 00 28                            FDB   40
1118                               
1119 e697 83                               FCB   $83
1120 e698 46 4c                            FCC   'FL'
1121 e69a c4                               FCB   $C4
1122 e69b e6 8d                            FDB   DPL-6
1123 e69d e5 4a                    FLD     FDB   DOUSE
1124 e69f 00 2a                            FDB   42
1125                               
1126 e6a1 83                               FCB   $83
1127 e6a2 43 53                            FCC   'CS'
1128 e6a4 d0                               FCB   $D0
1129 e6a5 e6 97                            FDB   FLD-6
1130 e6a7 e5 4a                    CSPP    FDB   DOUSE
1131 e6a9 00 2c                            FDB   44
1132                               
1133 e6ab 82                               FCB   $82
1134 e6ac 52                               FCC   'R'
1135 e6ad a3                               FCB   $A3
1136 e6ae e6 a1                            FDB   CSPP-6
1137 e6b0 e5 4a                    RNUM    FDB   DOUSE
1138 e6b2 00 2e                            FDB   46
1139                               
1140 e6b4 83                               FCB   $83
1141 e6b5 48 4c                            FCC   'HL'
1142 e6b7 c4                               FCB   $C4
1143 e6b8 e6 ab                            FDB   RNUM-5
1144 e6ba e5 4a                    HLD     FDB   DOUSE
1145 e6bc 00 30                            FDB   48
1146                               
1147                               *************************************************
1148                               *                                               *
1149                               *            END OF USER VARIABLES              *
1150                               *                                               *
1151                               *************************************************
1152 e6be 82                               FCB   $82
1153 e6bf 31                               FCC   '1'
1154 e6c0 ab                               FCB   $AB
1155 e6c1 e6 b4                            FDB   HLD-6
1156 e6c3 e6 c5                    ONEP    FDB   *+2
1157 e6c5 ec c4              [ 5 ]         LDD   0,U            ; Get top of parameter stack
1158 e6c7 c3 00 01           [ 4 ]         ADDD  #1             ; Increment top of parameter stack
1159 e6ca ed c4              [ 5 ]         STD   0,U            ; Put word back on stack
1160 e6cc ae a1              [ 8 ]         LDX   ,Y++           ; NEXT
1161 e6ce 6e 91              [ 9 ]         JMP   [,X++]
1162                               
1163 e6d0 82                               FCB   $82
1164 e6d1 32                               FCC   '2'
1165 e6d2 ab                               FCB   $AB
1166 e6d3 e6 be                            FDB   ONEP-5
1167 e6d5 e6 d7                    TWOP    FDB   *+2
1168 e6d7 ec c4              [ 5 ]         LDD   0,U            ; Get top of parameter stack
1169 e6d9 c3 00 02           [ 4 ]         ADDD  #2             ; Add 2
1170 e6dc ed c4              [ 5 ]         STD   0,U            ; Put word back on stack
1171 e6de ae a1              [ 8 ]         LDX   ,Y++           ; NEXT
1172 e6e0 6e 91              [ 9 ]         JMP   [,X++]
1173                               
1174 e6e2 84                               FCB   $84
1175 e6e3 48 45 52                         FCC   'HER'
1176 e6e6 c5                               FCB   $C5
1177 e6e7 e6 d0                            FDB   TWOP-5
1178 e6e9 e4 e4                    HERE    FDB   DOCOL
1179 e6eb e6 13                            FDB   DP
1180 e6ed e4 67                            FDB   AT
1181 e6ef e3 0d                            FDB   SEMIS
1182                               
1183 e6f1 85                               FCB   $85
1184 e6f2 41 4c 4c 4f                      FCC   'ALLO'
1185 e6f6 d4                               FCB   $D4
1186 e6f7 e6 e2                            FDB   HERE-7
1187 e6f9 e4 e4                    ALLOT   FDB   DOCOL
1188 e6fb e6 13                            FDB   DP
1189 e6fd e4 40                            FDB   PSTOR
1190 e6ff e3 0d                            FDB   SEMIS
1191                               
1192 e701 81                               FCB   $81
1193 e702 ac                               FCB   $AC
1194 e703 e6 f1                            FDB   ALLOT-8
1195 e705 e4 e4                    COMMA   FDB   DOCOL
1196 e707 e6 e9                            FDB   HERE
1197 e709 e4 9a                            FDB   STORE
1198 e70b e5 69                            FDB   TWO
1199 e70d e6 f9                            FDB   ALLOT
1200 e70f e3 0d                            FDB   SEMIS
1201                               
1202 e711 82                               FCB   $82
1203 e712 43                               FCC   'C'
1204 e713 ac                               FCB   $AC
1205 e714 e7 01                            FDB   COMMA-4
1206 e716 e4 e4                    CCOMM   FDB   DOCOL
1207 e718 e6 e9                            FDB   HERE
1208 e71a e4 ab                            FDB   CSTOR
1209 e71c e5 61                            FDB   ONE
1210 e71e e6 f9                            FDB   ALLOT
1211 e720 e3 0d                            FDB   SEMIS
1212                               
1213 e722 81                               FCB   $81
1214 e723 ad                               FCB   $AD
1215 e724 e7 11                            FDB   CCOMM-5
1216 e726 e7 28                    SUBB    FDB   *+2
1217 e728 ec 42              [ 6 ]         LDD   2,U            ; Get first value
1218 e72a a3 c4              [ 6 ]         SUBD  0,U            ; Do subtraction
1219 e72c 33 42              [ 5 ]         LEAU  2,U            ; Adjust stack
1220 e72e ed c4              [ 5 ]         STD   0,U            ; Put difference on top of stack
1221 e730 ae a1              [ 8 ]         LDX   ,Y++           ; NEXT
1222 e732 6e 91              [ 9 ]         JMP   [,X++]
1223                               
1224 e734 81                               FCB   $81
1225 e735 bd                               FCB   $BD
1226 e736 e7 22                            FDB   SUBB-4
1227 e738 e4 e4                    EQUAL   FDB   DOCOL
1228 e73a e7 26                            FDB   SUBB
1229 e73c e3 50                            FDB   ZEQU
1230 e73e e3 0d                            FDB   SEMIS
1231                               
1232 e740 81                               FCB   $81
1233 e741 bc                               FCB   $BC
1234 e742 e7 34                            FDB   EQUAL-4
1235 e744 e7 46                    LESS    FDB   *+2
1236 e746 37 06              [ 7 ]         PULU  D              ; Get top of stack
1237 e748 8e 00 00           [ 3 ]         LDX   #0             ; Assume a FALSE
1238 e74b 10 a3 c4           [ 7 ]         CMPD  0,U            ; Compare with new top of stack
1239 e74e 2f 02              [ 3 ]         BLE   LESS1          ; Yes it is FALSE
1240 e750 30 01              [ 5 ]         LEAX  1,X            ; No it is TRUE
1241 e752 af c4              [ 5 ] LESS1   STX   0,U            ; Leave flag on the stack
1242 e754 ae a1              [ 8 ]         LDX   ,Y++           ; NEXT
1243 e756 6e 91              [ 9 ]         JMP   [,X++]
1244                               
1245 e758 82                               FCB   $82
1246 e759 55                               FCC   'U'
1247 e75a bc                               FCB   $BC
1248 e75b e7 40                            FDB   LESS-4
1249 e75d e4 e4                    ULESS   FDB   DOCOL
1250 e75f e4 2f                            FDB   TDUP
1251 e761 e2 b5                            FDB   XORR
1252 e763 e3 6a                            FDB   ZLESS
1253 e765 e0 6e                            FDB   ZBRAN
1254 e767 00 0c                            FDB   ULES1-*
1255 e769 e3 fb                            FDB   DROP
1256 e76b e3 6a                            FDB   ZLESS
1257 e76d e3 50                            FDB   ZEQU
1258 e76f e0 5a                            FDB   BRAN
1259 e771 00 06                            FDB   ULES2-*
1260 e773 e7 26                    ULES1   FDB   SUBB
1261 e775 e3 6a                            FDB   ZLESS
1262 e777 e3 0d                    ULES2   FDB   SEMIS
1263                               
1264 e779 81                               FCB   $81
1265 e77a be                               FCB   $BE
1266 e77b e7 58                            FDB   ULESS-5
1267 e77d e4 e4                    GREAT   FDB   DOCOL
1268 e77f e4 0a                            FDB   SWAP
1269 e781 e7 44                            FDB   LESS
1270 e783 e3 0d                            FDB   SEMIS
1271                               
1272 e785 83                               FCB   $83
1273 e786 52 4f                            FCC   'RO'
1274 e788 d4                               FCB   $D4
1275 e789 e7 79                            FDB   GREAT-4
1276 e78b e7 8d                    ROT     FDB   *+2
1277 e78d 34 20              [ 7 ]         PSHS  Y              ; Save IP
1278 e78f 37 36              [11 ]         PULU  D,X,Y          ; S1 in D, S2 in X, S3 in Y
1279 e791 36 16              [ 9 ]         PSHU  D,X            ; Put S1 and S2 back on stack
1280 e793 36 20              [ 7 ]         PSHU  Y              ; Put S3 on top of stack
1281 e795 35 20              [ 7 ]         PULS  Y              ; Restore IP
1282 e797 ae a1              [ 8 ]         LDX   ,Y++           ; NEXT
1283 e799 6e 91              [ 9 ]         JMP   [,X++]
1284                               
1285 e79b 85                               FCB   $85
1286 e79c 53 50 41 43                      FCC   'SPAC'
1287 e7a0 c5                               FCB   $C5
1288 e7a1 e7 85                            FDB   ROT-6
1289 e7a3 e4 e4                    SPACE   FDB   DOCOL
1290 e7a5 e5 7a                            FDB   BLS
1291 e7a7 e1 a3                            FDB   EMIT
1292 e7a9 e3 0d                            FDB   SEMIS
1293                               
1294 e7ab 84                               FCB   $84
1295 e7ac 2d 44 55                         FCC   '-DU'
1296 e7af d0                               FCB   $D0
1297 e7b0 e7 9b                            FDB   SPACE-8
1298 e7b2 e4 e4                    DDUP    FDB   DOCOL
1299 e7b4 e4 1e                            FDB   DUP
1300 e7b6 e0 6e                            FDB   ZBRAN
1301 e7b8 00 04                            FDB   DDUP1-*
1302 e7ba e4 1e                            FDB   DUP
1303 e7bc e3 0d                    DDUP1   FDB   SEMIS
1304                               
1305 e7be 88                               FCB   $88
1306 e7bf 54 52 41 56 45 52                FCC   'TRAVERS'
     53
1307 e7c6 c5                               FCB   $C5
1308 e7c7 e7 ab                            FDB   DDUP-7
1309 e7c9 e4 e4                    TRAV    FDB   DOCOL
1310 e7cb e4 0a                            FDB   SWAP
1311 e7cd e3 ea                    TRAV1   FDB   OVER
1312 e7cf e3 83                            FDB   PLUS
1313 e7d1 e0 37                            FDB   LIT
1314 e7d3 00 7f                            FDB   $7F
1315 e7d5 e3 ea                            FDB   OVER
1316 e7d7 e4 76                            FDB   CAT
1317 e7d9 e7 44                            FDB   LESS
1318 e7db e0 6e                            FDB   ZBRAN
1319 e7dd ff f0                            FDB   TRAV1-*
1320 e7df e4 0a                            FDB   SWAP
1321 e7e1 e3 fb                            FDB   DROP
1322 e7e3 e3 0d                            FDB   SEMIS
1323                               
1324 e7e5 86                               FCB   $86
1325 e7e6 4c 41 54 45 53                   FCC   'LATES'
1326 e7eb d4                               FCB   $D4
1327 e7ec e7 be                            FDB   TRAV-11
1328 e7ee e4 e4                    LATES   FDB   DOCOL
1329 e7f0 e6 72                            FDB   CURR
1330 e7f2 e4 67                            FDB   AT
1331 e7f4 e4 67                            FDB   AT
1332 e7f6 e3 0d                            FDB   SEMIS
1333                               
1334 e7f8 83                               FCB   $83
1335 e7f9 4c 46                            FCC   'LF'
1336 e7fb c1                               FCB   $C1
1337 e7fc e7 e5                            FDB   LATES-9
1338 e7fe e4 e4                    LFA     FDB   DOCOL
1339 e800 e0 37                            FDB   LIT
1340 e802 00 04                            FDB   4
1341 e804 e7 26                            FDB   SUBB
1342 e806 e3 0d                            FDB   SEMIS
1343                               
1344 e808 83                               FCB   $83
1345 e809 43 46                            FCC   'CF'
1346 e80b c1                               FCB   $C1
1347 e80c e7 f8                            FDB   LFA-6
1348 e80e e4 e4                    CFA     FDB   DOCOL
1349 e810 e5 69                            FDB   TWO
1350 e812 e7 26                            FDB   SUBB
1351 e814 e3 0d                            FDB   SEMIS
1352                               
1353 e816 83                               FCB   $83
1354 e817 4e 46                            FCC   'NF'
1355 e819 c1                               FCB   $C1
1356 e81a e8 08                            FDB   CFA-6
1357 e81c e4 e4                    NFA     FDB   DOCOL
1358 e81e e0 37                            FDB   LIT
1359 e820 00 05                            FDB   5
1360 e822 e7 26                            FDB   SUBB
1361 e824 e0 37                            FDB   LIT
1362 e826 ff ff                            FDB   -1
1363 e828 e7 c9                            FDB   TRAV
1364 e82a e3 0d                            FDB   SEMIS
1365                               
1366 e82c 83                               FCB   $83
1367 e82d 50 46                            FCC   'PF'
1368 e82f c1                               FCB   $C1
1369 e830 e8 16                            FDB   NFA-6
1370 e832 e4 e4                    PFA     FDB   DOCOL
1371 e834 e5 61                            FDB   ONE
1372 e836 e7 c9                            FDB   TRAV
1373 e838 e0 37                            FDB   LIT
1374 e83a 00 05                            FDB   5
1375 e83c e3 83                            FDB   PLUS
1376 e83e e3 0d                            FDB   SEMIS
1377                               
1378 e840 84                               FCB   $84
1379 e841 21 43 53                         FCC   '!CS'
1380 e844 d0                               FCB   $D0
1381 e845 e8 2c                            FDB   PFA-6
1382 e847 e4 e4                    SCSP    FDB   DOCOL
1383 e849 e2 c9                            FDB   SPAT
1384 e84b e6 a7                            FDB   CSPP
1385 e84d e4 9a                            FDB   STORE
1386 e84f e3 0d                            FDB   SEMIS
1387                               
1388 e851 86                               FCB   $86
1389 e852 3f 45 52 52 4f                   FCC   '?ERRO'
1390 e857 d2                               FCB   $D2
1391 e858 e8 40                            FDB   SCSP-7
1392 e85a e4 e4                    QERR    FDB   DOCOL
1393 e85c e4 0a                            FDB   SWAP
1394 e85e e0 6e                            FDB   ZBRAN
1395 e860 00 08                            FDB   QERR1-*
1396 e862 ec cf                            FDB   ERROR
1397 e864 e0 5a                            FDB   BRAN
1398 e866 00 04                            FDB   QERR2-*
1399 e868 e3 fb                    QERR1   FDB   DROP
1400 e86a e3 0d                    QERR2   FDB   SEMIS
1401                               
1402 e86c 85                               FCB   $85
1403 e86d 3f 43 4f 4d                      FCC   '?COM'
1404 e871 d0                               FCB   $D0
1405 e872 e8 51                            FDB   QERR-9
1406 e874 e4 e4                    QCOMP   FDB   DOCOL
1407 e876 e6 7e                            FDB   STATE
1408 e878 e4 67                            FDB   AT
1409 e87a e3 50                            FDB   ZEQU
1410 e87c e0 37                            FDB   LIT
1411 e87e 00 11                            FDB   $11
1412 e880 e8 5a                            FDB   QERR
1413 e882 e3 0d                            FDB   SEMIS
1414                               
1415 e884 85                               FCB   $85
1416 e885 51 45 58 45                      FCC   'QEXE'
1417 e889 c3                               FCB   $C3
1418 e88a e8 6c                            FDB   QCOMP-8
1419 e88c e4 e4                    QEXEC   FDB   DOCOL
1420 e88e e6 7e                            FDB   STATE
1421 e890 e4 67                            FDB   AT
1422 e892 e0 37                            FDB   LIT
1423 e894 00 12                            FDB   $12
1424 e896 e8 5a                            FDB   QERR
1425 e898 e3 0d                            FDB   SEMIS
1426                               
1427 e89a 86                               FCB   $86
1428 e89b 3f 50 41 49 52                   FCC   '?PAIR'
1429 e8a0 d3                               FCB   $D3
1430 e8a1 e8 84                            FDB   QEXEC-8
1431 e8a3 e4 e4                    QPAIR   FDB   DOCOL
1432 e8a5 e7 26                            FDB   SUBB
1433 e8a7 e0 37                            FDB   LIT
1434 e8a9 00 13                            FDB   $13
1435 e8ab e8 5a                            FDB   QERR
1436 e8ad e3 0d                            FDB   SEMIS
1437                               
1438 e8af 84                               FCB   $84
1439 e8b0 3f 43 53                         FCC   '?CS'
1440 e8b3 d0                               FCB   $D0
1441 e8b4 e8 9a                            FDB   QPAIR-9
1442 e8b6 e4 e4                    QCSP    FDB   DOCOL
1443 e8b8 e2 c9                            FDB   SPAT
1444 e8ba e6 a7                            FDB   CSPP
1445 e8bc e4 67                            FDB   AT
1446 e8be e7 26                            FDB   SUBB
1447 e8c0 e0 37                            FDB   LIT
1448 e8c2 00 14                            FDB   $14
1449 e8c4 e8 5a                            FDB   QERR
1450 e8c6 e3 0d                            FDB   SEMIS
1451                               
1452 e8c8 88                               FCB   $88
1453 e8c9 3f 4c 4f 41 44 49                FCC   '?LOADIN'
     4e
1454 e8d0 c7                               FCB   $C7
1455 e8d1 e8 af                            FDB   QCSP-7
1456 e8d3 e4 e4                    QLOAD   FDB   DOCOL
1457 e8d5 e6 2c                            FDB   BLK
1458 e8d7 e4 67                            FDB   AT
1459 e8d9 e3 50                            FDB   ZEQU
1460 e8db e0 37                            FDB   LIT
1461 e8dd 00 16                            FDB   $16
1462 e8df e8 5a                            FDB   QERR
1463 e8e1 e3 0d                            FDB   SEMIS
1464                               
1465 e8e3 87                               FCB   $87
1466 e8e4 43 4f 4d 50 49 4c                FCC   'COMPIL'
1467 e8ea c5                               FCB   $C5
1468 e8eb e8 c8                            FDB   QLOAD-11
1469 e8ed e4 e4                    COMP    FDB   DOCOL
1470 e8ef e8 74                            FDB   QCOMP
1471 e8f1 e3 3b                            FDB   FROMR
1472 e8f3 e4 1e                            FDB   DUP
1473 e8f5 e6 d5                            FDB   TWOP
1474 e8f7 e3 2c                            FDB   TOR
1475 e8f9 e4 67                            FDB   AT
1476 e8fb e7 05                            FDB   COMMA
1477 e8fd e3 0d                            FDB   SEMIS
1478                               
1479 e8ff c1                               FCB   $C1
1480 e900 db                               FCB   $DB
1481 e901 e8 e3                            FDB   COMP-10
1482 e903 e4 e4                    LBRAC   FDB   DOCOL
1483 e905 e5 59                            FDB   ZERO
1484 e907 e6 7e                            FDB   STATE
1485 e909 e4 9a                            FDB   STORE
1486 e90b e3 0d                            FDB   SEMIS
1487                               
1488 e90d 81                               FCB   $81
1489 e90e dd                               FCB   $DD
1490 e90f e8 ff                            FDB   LBRAC-4
1491 e911 e4 e4                    RBRAC   FDB   DOCOL
1492 e913 e0 37                            FDB   LIT
1493 e915 00 c0                            FDB   $00C0
1494 e917 e6 7e                            FDB   STATE
1495 e919 e4 9a                            FDB   STORE
1496 e91b e3 0d                            FDB   SEMIS
1497                               
1498 e91d 86                               FCB   $86
1499 e91e 53 4d 55 44 47                   FCC   'SMUDG'
1500 e923 c5                               FCB   $C5
1501 e924 e9 0d                            FDB   RBRAC-4
1502 e926 e4 e4                    SMUDG   FDB   DOCOL
1503 e928 e7 ee                            FDB   LATES
1504 e92a e0 37                            FDB   LIT
1505 e92c 00 20                            FDB   $20
1506 e92e e4 57                            FDB   TOGGL
1507 e930 e3 0d                            FDB   SEMIS
1508                               
1509 e932 83                               FCB   $83
1510 e933 48 45                            FCC   'HE'
1511 e935 d8                               FCB   $D8
1512 e936 e9 1d                            FDB   SMUDG-9
1513 e938 e4 e4                    HEX     FDB   DOCOL
1514 e93a e0 37                            FDB   LIT
1515 e93c 00 10                            FDB   16
1516 e93e e6 89                            FDB   BASE
1517 e940 e4 9a                            FDB   STORE
1518 e942 e3 0d                            FDB   SEMIS
1519                               
1520 e944 87                               FCB   $87
1521 e945 44 45 43 49 4d 41                FCC   'DECIMA'
1522 e94b cc                               FCB   $CC
1523 e94c e9 32                            FDB   HEX-6
1524 e94e e4 e4                    DECA    FDB   DOCOL
1525 e950 e0 37                            FDB   LIT
1526 e952 00 0a                            FDB   10
1527 e954 e6 89                            FDB   BASE
1528 e956 e4 9a                            FDB   STORE
1529 e958 e3 0d                            FDB   SEMIS
1530                               
1531 e95a 87                               FCB   $87
1532 e95b 28 3b 43 4f 44 45                FCC   '(;CODE'
1533 e961 a9                               FCB   $A9
1534 e962 e9 44                            FDB   DECA-10
1535 e964 e4 e4                    PSCOD   FDB   DOCOL
1536 e966 e3 3b                            FDB   FROMR
1537 e968 e7 ee                            FDB   LATES
1538 e96a e8 32                            FDB   PFA
1539 e96c e8 0e                            FDB   CFA
1540 e96e e4 9a                            FDB   STORE
1541 e970 e3 0d                            FDB   SEMIS
1542                               
1543 e972 c5                               FCB   $C5
1544 e973 3b 43 4f 44                      FCC   ';COD'
1545 e977 c5                               FCB   $C5
1546 e978 e9 5a                            FDB   PSCOD-10
1547 e97a e4 e4                    SEMIC   FDB   DOCOL
1548 e97c e8 b6                            FDB   QCSP
1549 e97e e8 ed                            FDB   COMP
1550 e980 e9 64                            FDB   PSCOD
1551 e982 e9 03                            FDB   LBRAC
1552 e984 e3 0d                            FDB   SEMIS
1553                               
1554 e986 87                               FCB   $87
1555 e987 3c 42 55 49 4c 44                FCC   '<BUILD'
1556 e98d d3                               FCB   $D3
1557 e98e e9 72                            FDB   SEMIC-8
1558 e990 e4 e4                    BUILD   FDB   DOCOL
1559 e992 e5 59                            FDB   ZERO
1560 e994 e5 14                            FDB   CON
1561 e996 e3 0d                            FDB   SEMIS
1562                               
1563 e998 85                               FCB   $85
1564 e999 44 4f 45 53                      FCC   'DOES'
1565 e99d be                               FCB   $BE
1566 e99e e9 86                            FDB   BUILD-10
1567 e9a0 e4 e4                    DOES    FDB   DOCOL
1568 e9a2 e3 3b                            FDB   FROMR
1569 e9a4 e7 ee                            FDB   LATES
1570 e9a6 e8 32                            FDB   PFA
1571 e9a8 e4 9a                            FDB   STORE
1572 e9aa e9 64                            FDB   PSCOD
1573 e9ac 34 20              [ 7 ] DODOE   PSHS  Y              ; Save instruction pointer
1574 e9ae 10 ae 81           [ 9 ]         LDY   ,X++           ; IP=[WP] , WP=WP+2
1575 e9b1 36 10              [ 7 ]         PSHU  X              ; Put WP on parameter stack
1576 e9b3 ae a1              [ 8 ]         LDX   ,Y++           ; NEXT
1577 e9b5 6e 91              [ 9 ]         JMP   [,X++]
1578                               
1579 e9b7 85                               FCB   $85
1580 e9b8 43 4f 55 4e                      FCC   'COUN'
1581 e9bc d4                               FCB   $D4
1582 e9bd e9 98                            FDB   DOES-8
1583 e9bf e4 e4                    COUNT   FDB   DOCOL
1584 e9c1 e4 1e                            FDB   DUP
1585 e9c3 e6 c3                            FDB   ONEP
1586 e9c5 e4 0a                            FDB   SWAP
1587 e9c7 e4 76                            FDB   CAT
1588 e9c9 e3 0d                            FDB   SEMIS
1589                               
1590 e9cb 84                               FCB   $84
1591 e9cc 54 59 50                         FCC   'TYP'
1592 e9cf c5                               FCB   $C5
1593 e9d0 e9 b7                            FDB   COUNT-8
1594 e9d2 e4 e4                    TYPES   FDB   DOCOL
1595 e9d4 e7 b2                            FDB   DDUP
1596 e9d6 e0 6e                            FDB   ZBRAN
1597 e9d8 00 18                            FDB   TYPE1-*
1598 e9da e3 ea                            FDB   OVER
1599 e9dc e3 83                            FDB   PLUS
1600 e9de e4 0a                            FDB   SWAP
1601 e9e0 e0 b4                            FDB   XDO
1602 e9e2 e0 c2                    TYPE2   FDB   IDO
1603 e9e4 e4 76                            FDB   CAT
1604 e9e6 e1 a3                            FDB   EMIT
1605 e9e8 e0 87                            FDB   XLOOP
1606 e9ea ff f8                            FDB   TYPE2-*
1607 e9ec e0 5a                            FDB   BRAN
1608 e9ee 00 04                            FDB   TYPE3-*
1609 e9f0 e3 fb                    TYPE1   FDB   DROP
1610 e9f2 e3 0d                    TYPE3   FDB   SEMIS
1611                               
1612 e9f4 89                               FCB   $89
1613 e9f5 2d 54 52 41 49 4c                FCC   '-TRAILIN'
     49 4e
1614 e9fd c7                               FCB   $C7
1615 e9fe e9 cb                            FDB   TYPES-7
1616 ea00 e4 e4                    DTRAI   FDB   DOCOL
1617 ea02 e4 1e                            FDB   DUP
1618 ea04 e5 59                            FDB   ZERO
1619 ea06 e0 b4                            FDB   XDO
1620 ea08 e3 ea                    DTRA1   FDB   OVER
1621 ea0a e3 ea                            FDB   OVER
1622 ea0c e3 83                            FDB   PLUS
1623 ea0e e5 61                            FDB   ONE
1624 ea10 e7 26                            FDB   SUBB
1625 ea12 e4 76                            FDB   CAT
1626 ea14 e5 7a                            FDB   BLS
1627 ea16 e7 26                            FDB   SUBB
1628 ea18 e0 6e                            FDB   ZBRAN
1629 ea1a 00 08                            FDB   DTRA2-*
1630 ea1c e3 1d                            FDB   LEAVE
1631 ea1e e0 5a                            FDB   BRAN
1632 ea20 00 06                            FDB   DTRA3-*
1633 ea22 e5 61                    DTRA2   FDB   ONE
1634 ea24 e7 26                            FDB   SUBB
1635 ea26 e0 87                    DTRA3   FDB   XLOOP
1636 ea28 ff e0                            FDB   DTRA1-*
1637 ea2a e3 0d                            FDB   SEMIS
1638                               
1639 ea2c 84                               FCB   $84
1640 ea2d 28 2e 22                         FCC   '(."'
1641 ea30 a9                               FCB   $A9
1642 ea31 e9 f4                            FDB   DTRAI-12
1643 ea33 e4 e4                    PDOTQ   FDB   DOCOL
1644 ea35 e3 49                            FDB   RR
1645 ea37 e9 bf                            FDB   COUNT
1646 ea39 e4 1e                            FDB   DUP
1647 ea3b e6 c3                            FDB   ONEP
1648 ea3d e3 3b                            FDB   FROMR
1649 ea3f e3 83                            FDB   PLUS
1650 ea41 e3 2c                            FDB   TOR
1651 ea43 e9 d2                            FDB   TYPES
1652 ea45 e3 0d                            FDB   SEMIS
1653                               
1654 ea47 c2                               FCB   $C2
1655 ea48 2e                               FCC   '.'
1656 ea49 a2                               FCB   $A2
1657 ea4a ea 2c                            FDB   PDOTQ-7
1658 ea4c e4 e4                    DOTQ    FDB   DOCOL
1659 ea4e e0 37                            FDB   LIT
1660 ea50 00 22                            FDB   $22
1661 ea52 e6 7e                            FDB   STATE
1662 ea54 e4 67                            FDB   AT
1663 ea56 e0 6e                            FDB   ZBRAN
1664 ea58 00 14                            FDB   DOTQ1-*
1665 ea5a e8 ed                            FDB   COMP
1666 ea5c ea 33                            FDB   PDOTQ
1667 ea5e eb b3                            FDB   WORDS
1668 ea60 e6 e9                            FDB   HERE
1669 ea62 e4 76                            FDB   CAT
1670 ea64 e6 c3                            FDB   ONEP
1671 ea66 e6 f9                            FDB   ALLOT
1672 ea68 e0 5a                            FDB   BRAN
1673 ea6a 00 0a                            FDB   DOTQ2-*
1674 ea6c eb b3                    DOTQ1   FDB   WORDS
1675 ea6e e6 e9                            FDB   HERE
1676 ea70 e9 bf                            FDB   COUNT
1677 ea72 e9 d2                            FDB   TYPES
1678 ea74 e3 0d                    DOTQ2   FDB   SEMIS
1679                               
1680 ea76 86                               FCB   $86
1681 ea77 45 58 50 45 43                   FCC   'EXPEC'
1682 ea7c d4                               FCB   $D4
1683 ea7d ea 47                            FDB   DOTQ-5
1684 ea7f e4 e4                    EXPEC   FDB   DOCOL
1685 ea81 e3 ea                            FDB   OVER
1686 ea83 e3 83                            FDB   PLUS
1687 ea85 e3 ea                            FDB   OVER
1688 ea87 e0 b4                            FDB   XDO
1689 ea89 e1 b5                    EXPE1   FDB   KEY
1690 ea8b e4 1e                            FDB   DUP
1691 ea8d e0 37                            FDB   LIT
1692 ea8f 00 08                            FDB   BSOUT
1693 ea91 e7 38                            FDB   EQUAL
1694 ea93 e0 6e                            FDB   ZBRAN
1695 ea95 00 2a                            FDB   EXPE2-*
1696 ea97 e3 fb                            FDB   DROP
1697 ea99 e4 1e                            FDB   DUP
1698 ea9b e0 c2                            FDB   IDO
1699 ea9d e7 38                            FDB   EQUAL
1700 ea9f e4 1e                            FDB   DUP
1701 eaa1 e3 3b                            FDB   FROMR
1702 eaa3 e5 69                            FDB   TWO
1703 eaa5 e7 26                            FDB   SUBB
1704 eaa7 e3 83                            FDB   PLUS
1705 eaa9 e3 2c                            FDB   TOR
1706 eaab e0 6e                            FDB   ZBRAN
1707 eaad 00 0a                            FDB   EXPE6-*
1708 eaaf e0 37                            FDB   LIT
1709 eab1 00 07                            FDB   BELL
1710 eab3 e0 5a                            FDB   BRAN
1711 eab5 00 06                            FDB   EXPE7-*
1712 eab7 e0 37                    EXPE6   FDB   LIT
1713 eab9 00 08                            FDB   BSOUT
1714 eabb e0 5a                    EXPE7   FDB   BRAN
1715 eabd 00 28                            FDB   EXPE3-*
1716 eabf e4 1e                    EXPE2   FDB   DUP
1717 eac1 e0 37                            FDB   LIT
1718 eac3 00 0d                            FDB   $0D
1719 eac5 e7 38                            FDB   EQUAL
1720 eac7 e0 6e                            FDB   ZBRAN
1721 eac9 00 0e                            FDB   EXPE4-*
1722 eacb e3 1d                            FDB   LEAVE
1723 eacd e3 fb                            FDB   DROP
1724 eacf e5 7a                            FDB   BLS
1725 ead1 e5 59                            FDB   ZERO
1726 ead3 e0 5a                            FDB   BRAN
1727 ead5 00 04                            FDB   EXPE5-*
1728 ead7 e4 1e                    EXPE4   FDB   DUP
1729 ead9 e0 c2                    EXPE5   FDB   IDO
1730 eadb e4 ab                            FDB   CSTOR
1731 eadd e5 59                            FDB   ZERO
1732 eadf e0 c2                            FDB   IDO
1733 eae1 e6 c3                            FDB   ONEP
1734 eae3 e4 9a                            FDB   STORE
1735 eae5 e1 a3                    EXPE3   FDB   EMIT
1736 eae7 e0 87                            FDB   XLOOP
1737 eae9 ff a0                            FDB   EXPE1-*
1738 eaeb e3 fb                            FDB   DROP
1739 eaed e3 0d                            FDB   SEMIS
1740                               
1741 eaef 85                               FCB   $85
1742 eaf0 51 55 45 52                      FCC   'QUER'
1743 eaf4 d9                               FCB   $D9
1744 eaf5 ea 76                            FDB   EXPEC-9
1745 eaf7 e4 e4                    QUERY   FDB   DOCOL
1746 eaf9 e5 e4                            FDB   TIB
1747 eafb e4 67                            FDB   AT
1748 eafd e0 37                            FDB   LIT
1749 eaff 00 50                            FDB   $50
1750 eb01 ea 7f                            FDB   EXPEC
1751 eb03 e5 59                            FDB   ZERO
1752 eb05 e6 35                            FDB   INN
1753 eb07 e4 9a                            FDB   STORE
1754 eb09 e3 0d                            FDB   SEMIS
1755                               
1756 eb0b c1                               FCB     $C1
1757 eb0c 80                               FCB     $80
1758 eb0d ea ef                            FDB     QUERY-8
1759 eb0f e4 e4                    NULL    FDB     DOCOL
1760 eb11 e6 2c                            FDB     BLK
1761 eb13 e4 67                            FDB     AT
1762 eb15 e0 6e                            FDB     ZBRAN
1763 eb17 00 2a                            FDB     NULL1-*
1764 eb19 e5 61                            FDB     ONE
1765 eb1b e6 2c                            FDB     BLK
1766 eb1d e4 40                            FDB     PSTOR
1767 eb1f e5 59                            FDB     ZERO
1768 eb21 e6 35                            FDB     INN
1769 eb23 e4 9a                            FDB     STORE
1770 eb25 e6 2c                            FDB     BLK
1771 eb27 e4 67                            FDB     AT
1772 eb29 e5 b4                            FDB     BSCR
1773 eb2b e5 61                            FDB     ONE
1774 eb2d e7 26                            FDB     SUBB
1775 eb2f e2 8e                            FDB     ANDD
1776 eb31 e3 50                            FDB     ZEQU
1777 eb33 e0 6e                            FDB     ZBRAN
1778 eb35 00 08                            FDB     NULL2-*
1779 eb37 e8 8c                            FDB     QEXEC
1780 eb39 e3 3b                            FDB     FROMR
1781 eb3b e3 fb                            FDB     DROP
1782 eb3d e0 5a                    NULL2   FDB     BRAN
1783 eb3f 00 06                            FDB     NULL3-*
1784 eb41 e3 3b                    NULL1   FDB     FROMR
1785 eb43 e3 fb                            FDB     DROP
1786 eb45 e3 0d                    NULL3   FDB     SEMIS
1787                               
1788                               
1789 eb47 84                               FCB   $84
1790 eb48 46 49 4c                         FCC   'FIL'
1791 eb4b cc                               FCB   $CC
1792 eb4c eb 0b                            FDB   NULL-4
1793 eb4e eb 50                    FILL    FDB   *+2
1794 eb50 34 20              [ 7 ]         PSHS  Y              ; Save IP
1795 eb52 37 36              [11 ]         PULU  D,X,Y          ; Character in B, count in X, address in Y
1796 eb54 e7 a0              [ 6 ] FILL1   STB   ,Y+            ; Store character
1797 eb56 30 1f              [ 5 ]         LEAX  -1,X           ; Decrement counter
1798 eb58 26 fa              [ 3 ]         BNE   FILL1          ; Loop until done
1799 eb5a 35 20              [ 7 ]         PULS  Y              ; Get IP
1800 eb5c ae a1              [ 8 ]         LDX   ,Y++           ; NEXT
1801 eb5e 6e 91              [ 9 ]         JMP   [,X++]
1802                               
1803 eb60 85                               FCB   $85
1804 eb61 45 52 41 53                      FCC   'ERAS'
1805 eb65 c5                               FCB   $C5
1806 eb66 eb 47                            FDB   FILL-7
1807 eb68 e4 e4                    ERASEE  FDB   DOCOL
1808 eb6a e5 59                            FDB   ZERO
1809 eb6c eb 4e                            FDB   FILL
1810 eb6e e3 0d                            FDB   SEMIS
1811                               
1812 eb70 86                               FCB   $86
1813 eb71 42 4c 41 4e 4b                   FCC   'BLANK'
1814 eb76 d3                               FCB   $D3
1815 eb77 eb 60                            FDB   ERASEE-8
1816 eb79 e4 e4                    BLANK   FDB   DOCOL
1817 eb7b e5 7a                            FDB   BLS
1818 eb7d eb 4e                            FDB   FILL
1819 eb7f e3 0d                            FDB   SEMIS
1820                               
1821 eb81 84                               FCB   $84
1822 eb82 48 4f 4c                         FCC   'HOL'
1823 eb85 c4                               FCB   $C4
1824 eb86 eb 70                            FDB   BLANK-9
1825 eb88 e4 e4                    HOLD    FDB   DOCOL
1826 eb8a e0 37                            FDB   LIT
1827 eb8c ff ff                            FDB   -1
1828 eb8e e6 ba                            FDB   HLD
1829 eb90 e4 40                            FDB   PSTOR
1830 eb92 e6 ba                            FDB   HLD
1831 eb94 e4 67                            FDB   AT
1832 eb96 e4 ab                            FDB   CSTOR
1833 eb98 e3 0d                            FDB   SEMIS
1834                               
1835 eb9a 83                               FCB   $83
1836 eb9b 50 41                            FCC   'PA'
1837 eb9d c4                               FCB   $C4
1838 eb9e eb 81                            FDB   HOLD-7
1839 eba0 e4 e4                    PAD     FDB   DOCOL
1840 eba2 e6 e9                            FDB   HERE
1841 eba4 e0 37                            FDB   LIT
1842 eba6 00 44                            FDB   $44
1843 eba8 e3 83                            FDB   PLUS
1844 ebaa e3 0d                            FDB   SEMIS
1845                               
1846 ebac 84                               FCB   $84
1847 ebad 57 4f 52                         FCC   'WOR'
1848 ebb0 c4                               FCB   $C4
1849 ebb1 eb 9a                            FDB   PAD-6
1850 ebb3 e4 e4                    WORDS   FDB   DOCOL
1851 ebb5 e5 e4                            FDB   TIB
1852 ebb7 e4 67                            FDB   AT
1853 ebb9 e6 35                            FDB   INN
1854 ebbb e4 67                            FDB   AT
1855 ebbd e3 83                            FDB   PLUS
1856 ebbf e4 0a                            FDB   SWAP
1857 ebc1 e1 5e                            FDB   ENCL
1858 ebc3 e6 e9                            FDB   HERE
1859 ebc5 e0 37                            FDB   LIT
1860 ebc7 00 22                            FDB   $0022
1861 ebc9 eb 79                            FDB   BLANK
1862 ebcb e6 35                            FDB   INN
1863 ebcd e4 40                            FDB   PSTOR
1864 ebcf e3 ea                            FDB   OVER
1865 ebd1 e7 26                            FDB   SUBB
1866 ebd3 e3 2c                            FDB   TOR
1867 ebd5 e3 49                            FDB   RR
1868 ebd7 e6 e9                            FDB   HERE
1869 ebd9 e4 ab                            FDB   CSTOR
1870 ebdb e3 83                            FDB   PLUS
1871 ebdd e6 e9                            FDB   HERE
1872 ebdf e6 c3                            FDB   ONEP
1873 ebe1 e3 3b                            FDB   FROMR
1874 ebe3 e1 ea                            FDB   CMOVE
1875 ebe5 e3 0d                            FDB   SEMIS
1876                               
1877 ebe7 88                               FCB   $88
1878 ebe8 28 4e 55 4d 42 45                FCC   '(NUMBER'
     52
1879 ebef a9                               FCB   $A9
1880 ebf0 eb ac                            FDB   WORDS-7
1881 ebf2 e4 e4                    PNUMB   FDB   DOCOL
1882 ebf4 e6 c3                    PNUM1   FDB   ONEP
1883 ebf6 e4 1e                            FDB   DUP
1884 ebf8 e3 2c                            FDB   TOR
1885 ebfa e4 76                            FDB   CAT
1886 ebfc e6 89                            FDB   BASE
1887 ebfe e4 67                            FDB   AT
1888 ec00 e0 d4                            FDB   DIGIT
1889 ec02 e0 6e                            FDB   ZBRAN
1890 ec04 00 2c                            FDB   PNUM2-*
1891 ec06 e4 0a                            FDB   SWAP
1892 ec08 e6 89                            FDB   BASE
1893 ec0a e4 67                            FDB   AT
1894 ec0c e2 0b                            FDB   USTAR
1895 ec0e e3 fb                            FDB   DROP
1896 ec10 e7 8b                            FDB   ROT
1897 ec12 e6 89                            FDB   BASE
1898 ec14 e4 67                            FDB   AT
1899 ec16 e2 0b                            FDB   USTAR
1900 ec18 e3 94                            FDB   DPLUS
1901 ec1a e6 93                            FDB   DPL
1902 ec1c e4 67                            FDB   AT
1903 ec1e e6 c3                            FDB   ONEP
1904 ec20 e0 6e                            FDB   ZBRAN
1905 ec22 00 08                            FDB   PNUM3-*
1906 ec24 e5 61                            FDB   ONE
1907 ec26 e6 93                            FDB   DPL
1908 ec28 e4 40                            FDB   PSTOR
1909 ec2a e3 3b                    PNUM3   FDB   FROMR
1910 ec2c e0 5a                            FDB   BRAN
1911 ec2e ff c6                            FDB   PNUM1-*
1912 ec30 e3 3b                    PNUM2   FDB   FROMR
1913 ec32 e3 0d                            FDB   SEMIS
1914                               
1915 ec34 86                               FCB   $86
1916 ec35 4e 55 4d 42 45                   FCC   'NUMBE'
1917 ec3a d2                               FCB   $D2
1918 ec3b eb e7                            FDB   PNUMB-11
1919 ec3d e4 e4                    NUMB    FDB   DOCOL
1920 ec3f e5 59                            FDB   ZERO
1921 ec41 e5 59                            FDB   ZERO
1922 ec43 e7 8b                            FDB   ROT
1923 ec45 e4 1e                            FDB   DUP
1924 ec47 e6 c3                            FDB   ONEP
1925 ec49 e4 76                            FDB   CAT
1926 ec4b e0 37                            FDB   LIT
1927 ec4d 00 2d                            FDB   $2D
1928 ec4f e7 38                            FDB   EQUAL
1929 ec51 e4 1e                            FDB   DUP
1930 ec53 e3 2c                            FDB   TOR
1931 ec55 e3 83                            FDB   PLUS
1932 ec57 e0 37                            FDB   LIT
1933 ec59 ff ff                            FDB   -1
1934 ec5b e6 93                    NUMB1   FDB   DPL
1935 ec5d e4 9a                            FDB   STORE
1936 ec5f eb f2                            FDB   PNUMB
1937 ec61 e4 1e                            FDB   DUP
1938 ec63 e4 76                            FDB   CAT
1939 ec65 e5 7a                            FDB   BLS
1940 ec67 e7 26                            FDB   SUBB
1941 ec69 e0 6e                            FDB   ZBRAN
1942 ec6b 00 16                            FDB   NUMB2-*
1943 ec6d e4 1e                            FDB   DUP
1944 ec6f e4 76                            FDB   CAT
1945 ec71 e0 37                            FDB   LIT
1946 ec73 00 2e                            FDB   $2E
1947 ec75 e7 26                            FDB   SUBB
1948 ec77 e5 59                            FDB   ZERO
1949 ec79 e8 5a                            FDB   QERR
1950 ec7b e5 59                            FDB   ZERO
1951 ec7d e0 5a                            FDB   BRAN
1952 ec7f ff dc                            FDB   NUMB1-*
1953 ec81 e3 fb                    NUMB2   FDB   DROP
1954 ec83 e3 3b                            FDB   FROMR
1955 ec85 e0 6e                            FDB   ZBRAN
1956 ec87 00 04                            FDB   NUMB3-*
1957 ec89 e3 c9                            FDB   DMINU
1958 ec8b e3 0d                    NUMB3   FDB   SEMIS
1959                               
1960 ec8d 85                               FCB   $85
1961 ec8e 2d 46 49 4e                      FCC   '-FIN'
1962 ec92 c4                               FCB   $C4
1963 ec93 ec 34                            FDB   NUMB-9
1964 ec95 e4 e4                    DFIND   FDB   DOCOL
1965 ec97 e5 7a                            FDB   BLS
1966 ec99 eb b3                            FDB   WORDS
1967 ec9b e6 e9                            FDB   HERE
1968 ec9d e6 64                            FDB   CONT
1969 ec9f e4 67                            FDB   AT
1970 eca1 e4 67                            FDB   AT
1971 eca3 e1 0c                            FDB   PFIND
1972 eca5 e4 1e                            FDB   DUP
1973 eca7 e3 50                            FDB   ZEQU
1974 eca9 e0 6e                            FDB   ZBRAN
1975 ecab 00 0a                            FDB   DFIN1-*
1976 ecad e3 fb                            FDB   DROP
1977 ecaf e6 e9                            FDB   HERE
1978 ecb1 e7 ee                            FDB   LATES
1979 ecb3 e1 0c                            FDB   PFIND
1980 ecb5 e3 0d                    DFIN1   FDB   SEMIS
1981                               
1982 ecb7 87                               FCB   $87
1983 ecb8 28 41 42 4f 52 54                FCC   '(ABORT'
1984 ecbe a9                               FCB   $A9
1985 ecbf ec 8d                            FDB   DFIND-8
1986 ecc1 e4 e4                    PABOR   FDB   DOCOL
1987 ecc3 ef 08                            FDB   ABORT
1988 ecc5 e3 0d                            FDB   SEMIS
1989                               
1990 ecc7 85                               FCB   $85
1991 ecc8 45 52 52 4f                      FCC   'ERRO'
1992 eccc d2                               FCB   $D2
1993 eccd ec b7                            FDB   PABOR-10
1994 eccf e4 e4                    ERROR   FDB   DOCOL
1995 ecd1 e5 fe                            FDB   WARN
1996 ecd3 e4 67                            FDB   AT
1997 ecd5 e3 6a                            FDB   ZLESS
1998 ecd7 e0 6e                            FDB   ZBRAN
1999 ecd9 00 04                            FDB   ERRO1-*
2000 ecdb ec c1                            FDB   PABOR
2001 ecdd e6 e9                    ERRO1   FDB   HERE
2002 ecdf e9 bf                            FDB   COUNT
2003 ece1 e9 d2                            FDB   TYPES
2004 ece3 ea 33                            FDB   PDOTQ
2005 ece5 02                               FCB   2
2006 ece6 3f 20                            FCC   '? '
2007 ece8 f1 3f                            FDB   MESS
2008 ecea e2 d9                            FDB   SPSTO
2009 ecec e6 2c                            FDB   BLK
2010 ecee e4 67                            FDB   AT
2011 ecf0 e7 b2                            FDB   DDUP
2012 ecf2 e0 6e                            FDB   ZBRAN
2013 ecf4 00 08                            FDB   ERR02-*
2014 ecf6 e6 35                            FDB   INN
2015 ecf8 e4 67                            FDB   AT
2016 ecfa e4 0a                            FDB   SWAP
2017 ecfc ee d9                    ERR02   FDB   QUIT
2018 ecfe e3 0d                            FDB   SEMIS          ; Never executed
2019                               
2020 ed00 83                               FCB   $83
2021 ed01 49 44                            FCC   'ID'
2022 ed03 ae                               FCB   $AE
2023 ed04 ec c7                            FDB   ERROR-8
2024 ed06 e4 e4                    IDDOT   FDB   DOCOL
2025 ed08 eb a0                            FDB   PAD
2026 ed0a e0 37                            FDB   LIT
2027 ed0c 00 20                            FDB   $20
2028 ed0e e0 37                            FDB   LIT
2029 ed10 00 5f                            FDB   $5F
2030 ed12 eb 4e                            FDB   FILL
2031 ed14 e4 1e                            FDB   DUP
2032 ed16 e8 32                            FDB   PFA
2033 ed18 e7 fe                            FDB   LFA
2034 ed1a e3 ea                            FDB   OVER
2035 ed1c e7 26                            FDB   SUBB
2036 ed1e eb a0                            FDB   PAD
2037 ed20 e4 0a                            FDB   SWAP
2038 ed22 e1 ea                            FDB   CMOVE
2039 ed24 eb a0                            FDB   PAD
2040 ed26 e9 bf                            FDB   COUNT
2041 ed28 e0 37                            FDB   LIT
2042 ed2a 00 1f                            FDB   $1F
2043 ed2c e2 8e                            FDB   ANDD
2044 ed2e e9 d2                            FDB   TYPES
2045 ed30 e7 a3                            FDB   SPACE
2046 ed32 e3 0d                            FDB   SEMIS
2047                               
2048 ed34 86                               FCB   $86
2049 ed35 43 52 45 41 54                   FCC   'CREAT'
2050 ed3a c5                               FCB   $C5
2051 ed3b ed 00                            FDB   IDDOT-6
2052 ed3d e4 e4                    CREAT   FDB   DOCOL
2053 ed3f ec 95                            FDB   DFIND
2054 ed41 e0 6e                            FDB   ZBRAN
2055 ed43 00 10                            FDB   CREAT1-*
2056 ed45 e3 fb                            FDB   DROP
2057 ed47 e8 1c                            FDB   NFA
2058 ed49 ed 06                            FDB   IDDOT
2059 ed4b e0 37                            FDB   LIT
2060 ed4d 00 04                            FDB   4
2061 ed4f f1 3f                            FDB   MESS
2062 ed51 e7 a3                            FDB   SPACE
2063 ed53 e6 e9                    CREAT1  FDB   HERE
2064 ed55 e4 1e                            FDB   DUP
2065 ed57 e4 76                            FDB   CAT
2066 ed59 e5 f0                            FDB   WIDTH
2067 ed5b e4 67                            FDB   AT
2068 ed5d f0 51                            FDB   MIN
2069 ed5f e6 c3                            FDB   ONEP
2070 ed61 e6 f9                            FDB   ALLOT
2071 ed63 e4 1e                            FDB   DUP
2072 ed65 e0 37                            FDB   LIT
2073 ed67 00 a0                            FDB   $A0
2074 ed69 e4 57                            FDB   TOGGL
2075 ed6b e6 e9                            FDB   HERE
2076 ed6d e5 61                            FDB   ONE
2077 ed6f e7 26                            FDB   SUBB
2078 ed71 e0 37                            FDB   LIT
2079 ed73 00 80                            FDB   $80
2080 ed75 e4 57                            FDB   TOGGL
2081 ed77 e7 ee                            FDB   LATES
2082 ed79 e7 05                            FDB   COMMA
2083 ed7b e6 72                            FDB   CURR
2084 ed7d e4 67                            FDB   AT
2085 ed7f e4 9a                            FDB   STORE
2086 ed81 e6 e9                            FDB   HERE
2087 ed83 e6 d5                            FDB   TWOP
2088 ed85 e7 05                            FDB   COMMA
2089 ed87 e3 0d                            FDB   SEMIS
2090                               
2091 ed89 c9                               FCB   $C9
2092 ed8a 5b 43 4f 4d 50 49                FCC   '[COMPILE'
     4c 45
2093 ed92 dd                               FCB   $DD
2094 ed93 ed 34                            FDB   CREAT-9
2095 ed95 e4 e4                    BCOMP   FDB   DOCOL
2096 ed97 ec 95                            FDB   DFIND
2097 ed99 e3 50                            FDB   ZEQU
2098 ed9b e5 59                            FDB   ZERO
2099 ed9d e8 5a                            FDB   QERR
2100 ed9f e3 fb                            FDB   DROP
2101 eda1 e8 0e                            FDB   CFA
2102 eda3 e7 05                            FDB   COMMA
2103 eda5 e3 0d                            FDB   SEMIS
2104                               
2105 eda7 c7                               FCB   $C7
2106 eda8 4c 49 54 45 52 41                FCC   'LITERA'
2107 edae cc                               FCB   $CC
2108 edaf ed 89                            FDB   BCOMP-12
2109 edb1 e4 e4                    LITER   FDB   DOCOL
2110 edb3 e6 7e                            FDB   STATE
2111 edb5 e4 67                            FDB   AT
2112 edb7 e0 6e                            FDB   ZBRAN
2113 edb9 00 08                            FDB   LITE1-*
2114 edbb e8 ed                            FDB   COMP
2115 edbd e0 37                            FDB   LIT
2116 edbf e7 05                            FDB   COMMA
2117 edc1 e3 0d                    LITE1   FDB   SEMIS
2118                               
2119 edc3 c8                               FCB   $C8
2120 edc4 44 4c 49 54 45 52                FCC   'DLITERA'
     41
2121 edcb cc                               FCB   $CC
2122 edcc ed a7                            FDB   LITER-10
2123 edce e4 e4                    DLITE   FDB   DOCOL
2124 edd0 e6 7e                            FDB   STATE
2125 edd2 e4 67                            FDB   AT
2126 edd4 e0 6e                            FDB   ZBRAN
2127 edd6 00 08                            FDB   DLIT1-*
2128 edd8 e4 0a                            FDB   SWAP
2129 edda ed b1                            FDB   LITER
2130 eddc ed b1                            FDB   LITER
2131 edde e3 0d                    DLIT1   FDB   SEMIS
2132                               
2133 ede0 86                               FCB   $86
2134 ede1 3f 53 54 41 43                   FCC   '?STAC'
2135 ede6 cb                               FCB   $CB
2136 ede7 ed c3                            FDB   DLITE-11
2137 ede9 e4 e4                    QSTAC   FDB   DOCOL
2138 edeb e2 c9                            FDB   SPAT
2139 eded e5 d1                            FDB   SZERO
2140 edef e4 67                            FDB   AT
2141 edf1 e4 0a                            FDB   SWAP
2142 edf3 e7 5d                            FDB   ULESS
2143 edf5 e5 61                            FDB   ONE
2144 edf7 e8 5a                            FDB   QERR
2145 edf9 e2 c9                            FDB   SPAT
2146 edfb e6 e9                            FDB   HERE
2147 edfd e0 37                            FDB   LIT
2148 edff 00 80                            FDB   $80
2149 ee01 e3 83                            FDB   PLUS
2150 ee03 e7 5d                            FDB   ULESS
2151 ee05 e0 37                            FDB   LIT
2152 ee07 00 07                            FDB   7
2153 ee09 e8 5a                            FDB   QERR
2154 ee0b e3 0d                            FDB   SEMIS
2155                               
2156 ee0d 89                               FCB   $89
2157 ee0e 49 4e 54 45 52 50                FCC   'INTERPRE'
     52 45
2158 ee16 d4                               FCB   $D4
2159 ee17 ed e0                            FDB   QSTAC-9
2160 ee19 e4 e4                    INTER   FDB   DOCOL
2161 ee1b ec 95                    INTE1   FDB   DFIND
2162 ee1d e0 6e                            FDB   ZBRAN
2163 ee1f 00 1e                            FDB   INTE2-*
2164 ee21 e6 7e                            FDB   STATE
2165 ee23 e4 67                            FDB   AT
2166 ee25 e7 44                            FDB   LESS
2167 ee27 e0 6e                            FDB   ZBRAN
2168 ee29 00 0a                            FDB   INTE3-*
2169 ee2b e8 0e                            FDB   CFA
2170 ee2d e7 05                            FDB   COMMA
2171 ee2f e0 5a                            FDB   BRAN
2172 ee31 00 06                            FDB   INTE4-*
2173 ee33 e8 0e                    INTE3   FDB   CFA
2174 ee35 e0 4b                            FDB   EXEC
2175 ee37 ed e9                    INTE4   FDB   QSTAC
2176 ee39 e0 5a                            FDB   BRAN
2177 ee3b 00 1c                            FDB   INTE5-*
2178 ee3d e6 e9                    INTE2   FDB   HERE
2179 ee3f ec 3d                            FDB   NUMB
2180 ee41 e6 93                            FDB   DPL
2181 ee43 e4 67                            FDB   AT
2182 ee45 e6 c3                            FDB   ONEP
2183 ee47 e0 6e                            FDB   ZBRAN
2184 ee49 00 08                            FDB   INTE6-*
2185 ee4b ed ce                            FDB   DLITE
2186 ee4d e0 5a                            FDB   BRAN
2187 ee4f 00 06                            FDB   INTE7-*
2188 ee51 e3 fb                    INTE6   FDB   DROP
2189 ee53 ed b1                            FDB   LITER
2190 ee55 ed e9                    INTE7   FDB   QSTAC
2191 ee57 e0 5a                    INTE5   FDB   BRAN
2192 ee59 ff c2                            FDB   INTE1-*
2193 ee5b e3 0d                            FDB   SEMIS          ; Never executed
2194                               
2195 ee5d 89                               FCB   $89
2196 ee5e 49 4d 4d 45 44 49                FCC   'IMMEDIAT'
     41 54
2197 ee66 c5                               FCB   $C5
2198 ee67 ee 0d                            FDB   INTER-12
2199 ee69 e4 e4                    IMMED   FDB   DOCOL
2200 ee6b e7 ee                            FDB   LATES
2201 ee6d e0 37                            FDB   LIT
2202 ee6f 00 40                            FDB   $40
2203 ee71 e4 57                            FDB   TOGGL
2204 ee73 e3 0d                            FDB   SEMIS
2205                               
2206 ee75 8a                               FCB   $8A
2207 ee76 56 4f 43 41 42 55                FCC   'VOCABULAR'
     4c 41 52
2208 ee7f d9                               FCB   $D9
2209 ee80 ee 5d                            FDB   IMMED-12
2210 ee82 e4 e4                    VOCAB   FDB   DOCOL
2211 ee84 e9 90                            FDB   BUILD
2212 ee86 e0 37                            FDB   LIT
2213 ee88 81 a0                            FDB   $81A0
2214 ee8a e7 05                            FDB   COMMA
2215 ee8c e6 72                            FDB   CURR
2216 ee8e e4 67                            FDB   AT
2217 ee90 e8 0e                            FDB   CFA
2218 ee92 e7 05                            FDB   COMMA
2219 ee94 e6 e9                            FDB   HERE
2220 ee96 e6 22                            FDB   VOCL
2221 ee98 e4 67                            FDB   AT
2222 ee9a e7 05                            FDB   COMMA
2223 ee9c e6 22                            FDB   VOCL
2224 ee9e e4 9a                            FDB   STORE
2225 eea0 e9 a0                            FDB   DOES
2226 eea2 e6 d5                    DOVOC   FDB   TWOP
2227 eea4 e6 64                            FDB   CONT
2228 eea6 e4 9a                            FDB   STORE
2229 eea8 e3 0d                            FDB   SEMIS
2230                               
2231                               **************************************************
2232                               *                                                *
2233                               *       FORTH is not included here for the       *
2234                               *       ROMable version because FORTH is a       *
2235                               *       variable and must lie in RAM             *
2236                               *                                                *
2237                               **************************************************
2238                               
2239 eeaa 8b                               FCB   $8B
2240 eeab 44 45 46 49 4e 49                FCC   'DEFINITION'
     54 49 4f 4e
2241 eeb5 d3                               FCB   $D3
2242 eeb6 ee 75                            FDB   VOCAB-13
2243 eeb8 e4 e4                    DEFIN   FDB   DOCOL
2244 eeba e6 64                            FDB   CONT
2245 eebc e4 67                            FDB   AT
2246 eebe e6 72                            FDB   CURR
2247 eec0 e4 9a                            FDB   STORE
2248 eec2 e3 0d                            FDB   SEMIS
2249                               
2250 eec4 c1                               FCB   $C1
2251 eec5 a8                               FCB   $A8
2252 eec6 ee aa                            FDB   DEFIN-14
2253 eec8 e4 e4                    PAREN   FDB   DOCOL
2254 eeca e0 37                            FDB   LIT
2255 eecc 00 29                            FDB   $29
2256 eece eb b3                            FDB   WORDS
2257 eed0 e3 0d                            FDB   SEMIS
2258                               
2259 eed2 84                               FCB   $84
2260 eed3 51 55 49                         FCC   'QUI'
2261 eed6 d4                               FCB   $D4
2262 eed7 ee c4                            FDB   PAREN-4
2263 eed9 e4 e4                    QUIT    FDB   DOCOL
2264 eedb e5 59                            FDB   ZERO
2265 eedd e6 2c                            FDB   BLK
2266 eedf e4 9a                            FDB   STORE
2267 eee1 e9 03                            FDB   LBRAC
2268 eee3 e2 fa                    QUIT1   FDB   RPSTO
2269 eee5 e1 d2                            FDB   CR
2270 eee7 ea f7                            FDB   QUERY
2271 eee9 ee 19                            FDB   INTER
2272 eeeb e6 7e                            FDB   STATE
2273 eeed e4 67                            FDB   AT
2274 eeef e3 50                            FDB   ZEQU
2275 eef1 e0 6e                            FDB   ZBRAN
2276 eef3 00 07                            FDB   QUIT2-*
2277 eef5 ea 33                            FDB   PDOTQ
2278 eef7 02                               FCB   2
2279 eef8 6f 6b                            FCC   'ok'
2280 eefa e0 5a                    QUIT2   FDB   BRAN
2281 eefc ff e7                            FDB   QUIT1-*
2282 eefe e3 0d                            FDB   SEMIS          ; Never executed
2283                               
2284 ef00 85                               FCB   $85
2285 ef01 41 42 4f 52                      FCC   'ABOR'
2286 ef05 d4                               FCB   $D4
2287 ef06 ee d2                            FDB   QUIT-7
2288 ef08 e4 e4                    ABORT   FDB   DOCOL
2289 ef0a e2 d9                            FDB   SPSTO
2290 ef0c e9 4e                            FDB   DECA
2291 ef0e ed e9                            FDB   QSTAC
2292 ef10 e1 d2                            FDB   CR
2293 ef12 c0 08                            FDB   RFORTH
2294 ef14 ee b8                            FDB   DEFIN
2295 ef16 ee d9                            FDB   QUIT
2296 ef18 e3 0d                            FDB   SEMIS          ; Never executed
2297                               
2298 ef1a 84                               FCB   $84
2299 ef1b 57 41 52                         FCC   'WAR'
2300 ef1e cd                               FCB   $CD
2301 ef1f ef 00                            FDB   ABORT-8
2302 ef21 e4 e4                    WARM    FDB   DOCOL
2303 ef23 ef 08                            FDB   ABORT
2304 ef25 e3 0d                            FDB   SEMIS          ; Never executed
2305                               
2306 ef27 84                               FCB   $84
2307 ef28 43 4f 4c                         FCC   'COL'
2308 ef2b c4                               FCB   $C4
2309 ef2c ef 1a                            FDB   WARM-7
2310 ef2e e4 e4                    COLD    FDB   DOCOL
2311 ef30 e0 37                            FDB   LIT
2312 ef32 e0 1d                            FDB   UTABLE
2313 ef34 e0 37                            FDB   LIT
2314 ef36 e0 2d                            FDB   UP
2315 ef38 e4 67                            FDB   AT
2316 ef3a e0 37                            FDB   LIT
2317 ef3c 00 06                            FDB   6
2318 ef3e e3 83                            FDB   PLUS
2319 ef40 e0 37                            FDB   LIT
2320 ef42 00 10                            FDB   16
2321 ef44 e1 ea                            FDB   CMOVE
2322 ef46 e2 d9                            FDB   SPSTO
2323 ef48 e0 37                            FDB   LIT
2324 ef4a f6 32                            FDB   FORTHS
2325 ef4c e0 37                            FDB   LIT
2326 ef4e c0 00                            FDB   RAMS
2327 ef50 e0 37                            FDB   LIT
2328 ef52 00 1d                            FDB   TASKE-FORTHS
2329 ef54 e1 ea                            FDB   CMOVE
2330 ef56 e0 37                            FDB   LIT
2331 ef58 e0 1b                            FDB   TOP
2332 ef5a e4 67                            FDB   AT
2333 ef5c e0 37                            FDB   LIT
2334 ef5e c0 0e                            FDB   RFORTH+6
2335 ef60 e4 9a                            FDB   STORE
2336 ef62 e1 d2                            FDB   CR
2337 ef64 f4 f1                            FDB   DOTCPU
2338 ef66 ea 33                            FDB   PDOTQ
2339 ef68 0e                               FCB   14
2340 ef69 6d 69 63 72 6f 46                FCC   'microFORTH '
     4f 52 54 48 20
2341 ef74 31                               FCB   FIGREL+$30
2342 ef75 2e                               FCB   ADOT
2343 ef76 30                               FCB   FIGREV+$30
2344 ef77 e1 d2                            FDB   CR
2345 ef79 ea 33                            FDB   PDOTQ
2346 ef7b 2c                               FCB   44
2347 ef7c 53 6f 75 74 68 65                FCC   'Southern Illinois University at Edwardsville'
     72 6e 20 49 6c 6c
     69 6e 6f 69 73 20
     55 6e 69 76 65 72
     73 69 74 79 20 61
     74 20 45 64 77 61
     72 64 73 76 69 6c
     6c 65
2348 efa8 e1 d2                            FDB   CR
2349 efaa ea 33                            FDB   PDOTQ
2350 efac 14                               FCB   20
2351 efad 4d 69 63 72 6f 2d                FCC   'Micro-controller Lab'
     63 6f 6e 74 72 6f
     6c 6c 65 72 20 4c
     61 62
2352 efc1 e1 d2                            FDB   CR
2353 efc3 ea 33                            FDB   PDOTQ
2354 efc5 1c                               FCB   28
2355 efc6 44 69 63 74 69 6f                FCC   'Dictionary space available: '
     6e 61 72 79 20 73
     70 61 63 65 20 61
     76 61 69 6c 61 62
     6c 65 3a 20
2356 efe2 e2 c9                            FDB   SPAT
2357 efe4 e6 13                            FDB   DP
2358 efe6 e4 67                            FDB   AT
2359 efe8 e7 26                            FDB   SUBB
2360 efea f4 30                            FDB   UDOT
2361 efec ea 33                            FDB   PDOTQ
2362 efee 05                               FCB   5
2363 efef 62 79 74 65 73                   FCC   'bytes'
2364 eff4 e1 d2                            FDB   CR
2365 eff6 ef 08                            FDB   ABORT
2366 eff8 e3 0d                            FDB   SEMIS          ; Never executed
2367                               
2368 effa 84                               FCB   $84
2369 effb 53 2d 3e                         FCC   'S->'
2370 effe c4                               FCB   $C4
2371 efff ef 27                            FDB   COLD-7
2372 f001 e4 e4                    STOD    FDB   DOCOL
2373 f003 e4 1e                            FDB   DUP
2374 f005 e3 6a                            FDB   ZLESS
2375 f007 e3 b4                            FDB   MINUS
2376 f009 e3 0d                            FDB   SEMIS
2377                               
2378 f00b 82                               FCB   $82
2379 f00c 2b                               FCC   '+'
2380 f00d ad                               FCB   $AD
2381 f00e ef fa                            FDB   STOD-7
2382 f010 e4 e4                    PM      FDB   DOCOL
2383 f012 e3 6a                            FDB   ZLESS
2384 f014 e0 6e                            FDB   ZBRAN
2385 f016 00 04                            FDB   PM1-*
2386 f018 e3 b4                            FDB   MINUS
2387 f01a e3 0d                    PM1     FDB   SEMIS
2388                               
2389 f01c 83                               FCB   $83
2390 f01d 44 2b                            FCC   'D+'
2391 f01f ad                               FCB   $AD
2392 f020 f0 0b                            FDB   PM-5
2393 f022 e4 e4                    DPM     FDB   DOCOL
2394 f024 e3 6a                            FDB   ZLESS
2395 f026 e0 6e                            FDB   ZBRAN
2396 f028 00 04                            FDB   DPM1-*
2397 f02a e3 c9                            FDB   DMINU
2398 f02c e3 0d                    DPM1    FDB   SEMIS
2399                               
2400 f02e 83                               FCB   $83
2401 f02f 41 42                            FCC   'AB'
2402 f031 d3                               FCB   $D3
2403 f032 f0 1c                            FDB   DPM-6
2404 f034 e4 e4                    ABS     FDB   DOCOL
2405 f036 e4 1e                            FDB   DUP
2406 f038 f0 10                            FDB   PM
2407 f03a e3 0d                            FDB   SEMIS
2408                               
2409 f03c 84                               FCB   $84
2410 f03d 44 41 42                         FCC   'DAB'
2411 f040 d3                               FCB   $D3
2412 f041 f0 2e                            FDB   ABS-6
2413 f043 e4 e4                    DABS    FDB   DOCOL
2414 f045 e4 1e                            FDB   DUP
2415 f047 f0 22                            FDB   DPM
2416 f049 e3 0d                            FDB   SEMIS
2417                               
2418 f04b 83                               FCB   $83
2419 f04c 4d 49                            FCC   'MI'
2420 f04e ce                               FCB   $CE
2421 f04f f0 3c                            FDB   DABS-7
2422 f051 e4 e4                    MIN     FDB   DOCOL
2423 f053 e4 2f                            FDB   TDUP
2424 f055 e7 7d                            FDB   GREAT
2425 f057 e0 6e                            FDB   ZBRAN
2426 f059 00 04                            FDB   MIN1-*
2427 f05b e4 0a                            FDB   SWAP
2428 f05d e3 fb                    MIN1    FDB   DROP
2429 f05f e3 0d                            FDB   SEMIS
2430                               
2431 f061 83                               FCB   $83
2432 f062 4d 41                            FCC   'MA'
2433 f064 d8                               FCB   $D8
2434 f065 f0 4b                            FDB   MIN-6
2435 f067 e4 e4                    MAX     FDB   DOCOL
2436 f069 e4 2f                            FDB   TDUP
2437 f06b e7 44                            FDB   LESS
2438 f06d e0 6e                            FDB   ZBRAN
2439 f06f 00 04                            FDB   MAX1-*
2440 f071 e4 0a                            FDB   SWAP
2441 f073 e3 fb                    MAX1    FDB   DROP
2442 f075 e3 0d                            FDB   SEMIS
2443                               
2444 f077 82                               FCB   $82
2445 f078 4d                               FCC   'M'
2446 f079 aa                               FCB   $AA
2447 f07a f0 61                            FDB   MAX-6
2448 f07c e4 e4                    MSTAR   FDB   DOCOL
2449 f07e e4 2f                            FDB   TDUP
2450 f080 e2 b5                            FDB   XORR
2451 f082 e3 2c                            FDB   TOR
2452 f084 f0 34                            FDB   ABS
2453 f086 e4 0a                            FDB   SWAP
2454 f088 f0 34                            FDB   ABS
2455 f08a e2 0b                            FDB   USTAR
2456 f08c e3 3b                            FDB   FROMR
2457 f08e f0 22                            FDB   DPM
2458 f090 e3 0d                            FDB   SEMIS
2459                               
2460 f092 82                               FCB   $82
2461 f093 4d                               FCC   'M'
2462 f094 af                               FCB   $AF
2463 f095 f0 77                            FDB   MSTAR-5
2464 f097 e4 e4                    MSLAS   FDB   DOCOL
2465 f099 e3 ea                            FDB   OVER
2466 f09b e3 2c                            FDB   TOR
2467 f09d e3 2c                            FDB   TOR
2468 f09f f0 43                            FDB   DABS
2469 f0a1 e3 49                            FDB   RR
2470 f0a3 f0 34                            FDB   ABS
2471 f0a5 e2 48                            FDB   USLAS
2472 f0a7 e3 3b                            FDB   FROMR
2473 f0a9 e3 49                            FDB   RR
2474 f0ab e2 b5                            FDB   XORR
2475 f0ad f0 10                            FDB   PM
2476 f0af e4 0a                            FDB   SWAP
2477 f0b1 e3 3b                            FDB   FROMR
2478 f0b3 f0 10                            FDB   PM
2479 f0b5 e4 0a                            FDB   SWAP
2480 f0b7 e3 0d                            FDB   SEMIS
2481                               
2482 f0b9 81                               FCB   $81
2483 f0ba aa                               FCB   $AA
2484 f0bb f0 92                            FDB   MSLAS-5
2485 f0bd e4 e4                    STAR    FDB   DOCOL
2486 f0bf f0 7c                            FDB   MSTAR
2487 f0c1 e3 fb                            FDB   DROP
2488 f0c3 e3 0d                            FDB   SEMIS
2489                               
2490 f0c5 84                               FCB   $84
2491 f0c6 2f 4d 4f                         FCC   '/MO'
2492 f0c9 c4                               FCB   $C4
2493 f0ca f0 b9                            FDB   STAR-4
2494 f0cc e4 e4                    SLMOD   FDB   DOCOL
2495 f0ce e3 2c                            FDB   TOR
2496 f0d0 f0 01                            FDB   STOD
2497 f0d2 e3 3b                            FDB   FROMR
2498 f0d4 f0 97                            FDB   MSLAS
2499 f0d6 e3 0d                            FDB   SEMIS
2500                               
2501 f0d8 81                               FCB   $81
2502 f0d9 af                               FCB   $AF
2503 f0da f0 c5                            FDB   SLMOD-7
2504 f0dc e4 e4                    SLASH   FDB   DOCOL
2505 f0de f0 cc                            FDB   SLMOD
2506 f0e0 e4 0a                            FDB   SWAP
2507 f0e2 e3 fb                            FDB   DROP
2508 f0e4 e3 0d                            FDB   SEMIS
2509                               
2510 f0e6 83                               FCB   $83
2511 f0e7 4d 4f                            FCC   'MO'
2512 f0e9 c4                               FCB   $C4
2513 f0ea f0 d8                            FDB   SLASH-4
2514 f0ec e4 e4                    MOD     FDB   DOCOL
2515 f0ee f0 cc                            FDB   SLMOD
2516 f0f0 e3 fb                            FDB   DROP
2517 f0f2 e3 0d                            FDB   SEMIS
2518                               
2519 f0f4 85                               FCB   $85
2520 f0f5 2a 2f 4d 4f                      FCC   '*/MO'
2521 f0f9 c4                               FCB   $C4
2522 f0fa f0 e6                            FDB   MOD-6
2523 f0fc e4 e4                    SSMOD   FDB   DOCOL
2524 f0fe e3 2c                            FDB   TOR
2525 f100 f0 7c                            FDB   MSTAR
2526 f102 e3 3b                            FDB   FROMR
2527 f104 f0 97                            FDB   MSLAS
2528 f106 e3 0d                            FDB   SEMIS
2529                               
2530 f108 82                               FCB   $82
2531 f109 2a                               FCC   '*'
2532 f10a af                               FCB   $AF
2533 f10b f0 f4                            FDB   SSMOD-8
2534 f10d e4 e4                    SSLASH  FDB   DOCOL
2535 f10f f0 fc                            FDB   SSMOD
2536 f111 e4 0a                            FDB   SWAP
2537 f113 e3 fb                            FDB   DROP
2538 f115 e3 0d                            FDB   SEMIS
2539                               
2540 f117 85                               FCB   $85
2541 f118 4d 2f 4d 4f                      FCC   'M/MO'
2542 f11c c4                               FCB   $C4
2543 f11d f1 08                            FDB   SSLASH-5
2544 f11f e4 e4                    MSMOD   FDB   DOCOL
2545 f121 e3 2c                            FDB   TOR
2546 f123 e5 59                            FDB   ZERO
2547 f125 e3 49                            FDB   RR
2548 f127 e2 48                            FDB   USLAS
2549 f129 e3 3b                            FDB   FROMR
2550 f12b e4 0a                            FDB   SWAP
2551 f12d e3 2c                            FDB   TOR
2552 f12f e2 48                            FDB   USLAS
2553 f131 e3 3b                            FDB   FROMR
2554 f133 e3 0d                            FDB   SEMIS
2555                               
2556 f135 87                               FCB   $87
2557 f136 4d 45 53 53 41 47                FCC   'MESSAG'
2558 f13c c5                               FCB   $C5
2559 f13d f1 17                            FDB   MSMOD-8
2560 f13f e4 e4                    MESS    FDB   DOCOL
2561 f141 e5 fe                            FDB   WARN
2562 f143 e4 67                            FDB   AT
2563 f145 e0 6e                            FDB   ZBRAN
2564 f147 00 25                            FDB   MESS1-*
2565 f149 e7 b2                            FDB   DDUP
2566 f14b e0 6e                            FDB   ZBRAN
2567 f14d 00 1b                            FDB   MESS2-*
2568 f14f e0 37                            FDB   LIT
2569 f151 00 04                            FDB   4
2570 f153 e6 56                            FDB   OFSET
2571 f155 e4 67                            FDB   AT
2572 f157 e5 b4                            FDB   BSCR
2573 f159 f0 dc                            FDB   SLASH
2574 f15b e7 26                            FDB   SUBB
2575 f15d ea 33                            FDB   PDOTQ
2576 f15f 06                               FCB   6
2577 f160 20 44 4c 49 4e 45                FCC   ' DLINE'
2578 f166 e7 a3                            FDB   SPACE
2579 f168 e0 5a                    MESS2   FDB   BRAN
2580 f16a 00 0d                            FDB   MESS3-*
2581 f16c ea 33                    MESS1   FDB   PDOTQ
2582 f16e 06                               FCB   6
2583 f16f 4d 53 47 20 23 20                FCC   'MSG # '
2584 f175 f4 17                            FDB   DOT
2585 f177 e3 0d                    MESS3   FDB   SEMIS
2586                               
2587 f179 f1 7b                    PKEY    FDB   *+2
2588 f17b b6 98 00           [ 5 ] PKEY1   LDA   ACIAC          ; Get control status of the ACIA
2589 f17e 47                 [ 2 ]         ASRA                 ; Check if buffer is empty
2590 f17f 24 fa              [ 3 ]         BCC   PKEY1          ; If so, wait
2591 f181 f6 98 01           [ 5 ]         LDB   ACIAD          ; Get data
2592 f184 4f                 [ 2 ]         CLRA
2593 f185 36 06              [ 7 ]         PSHU  D              ; Push character to the stack
2594 f187 ae a1              [ 8 ]         LDX   ,Y++           ; NEXT
2595 f189 6e 91              [ 9 ]         JMP   [,X++]
2596                               
2597 f18b f1 8d                    PQTER   FDB   *+2
2598 f18d b6 98 00           [ 5 ]         LDA   ACIAC          ; Get control status of the ACIA
2599 f190 47                 [ 2 ]         ASRA                 ; Check if buffer is empty
2600 f191 24 08              [ 3 ]         BCC   PQTER1         ; If so push ZERO flag
2601 f193 f6 98 01           [ 5 ]         LDB   ACIAD          ; If not, get key
2602 f196 4f                 [ 2 ]         CLRA
2603 f197 36 06              [ 7 ]         PSHU  D
2604 f199 20 05              [ 3 ]         BRA   PQTER2         ; Go do NEXT
2605 f19b cc 00 00           [ 3 ] PQTER1  LDD   #0
2606 f19e 36 06              [ 7 ]         PSHU  D              ; Push flag
2607 f1a0 ae a1              [ 8 ] PQTER2  LDX   ,Y++           ; NEXT
2608 f1a2 6e 91              [ 9 ]         JMP   [,X++]
2609                               
2610 f1a4 f1 a6                    PEMIT   FDB   *+2
2611 f1a6 37 06              [ 7 ]         PULU  D              ; Character in B register
2612 f1a8 c4 7f              [ 2 ]         ANDB  #$7F           ; Mask off the highest bit
2613 f1aa b6 98 00           [ 5 ] PEMIT1  LDA   ACIAC          ; Get ACIA status
2614 f1ad 47                 [ 2 ]         ASRA                 ; Check if ready to transmit
2615 f1ae 47                 [ 2 ]         ASRA
2616 f1af 24 f9              [ 3 ]         BCC   PEMIT1         ; Loop if not ready
2617 f1b1 f7 98 01           [ 5 ]         STB   ACIAD          ; Transmit character
2618 f1b4 ae a1              [ 8 ]         LDX   ,Y++           ; NEXT
2619 f1b6 6e 91              [ 9 ]         JMP   [,X++]
2620                               
2621 f1b8 c1                               FCB   $C1
2622 f1b9 a7                               FCB   $A7
2623 f1ba f1 35                            FDB   MESS-10
2624 f1bc e4 e4                    TICK    FDB   DOCOL
2625 f1be ec 95                            FDB   DFIND
2626 f1c0 e3 50                            FDB   ZEQU
2627 f1c2 e5 59                            FDB   ZERO
2628 f1c4 e8 5a                            FDB   QERR
2629 f1c6 e3 fb                            FDB   DROP
2630 f1c8 ed b1                            FDB   LITER
2631 f1ca e3 0d                            FDB   SEMIS
2632                               
2633 f1cc 86                               FCB   $86
2634 f1cd 46 4f 52 47 45                   FCC   'FORGE'
2635 f1d2 d4                               FCB   $D4
2636 f1d3 f1 b8                            FDB   TICK-4
2637 f1d5 e4 e4                    FORGET  FDB   DOCOL
2638 f1d7 e6 72                            FDB   CURR
2639 f1d9 e4 67                            FDB   AT
2640 f1db e6 64                            FDB   CONT
2641 f1dd e4 67                            FDB   AT
2642 f1df e7 26                            FDB   SUBB
2643 f1e1 e0 37                            FDB   LIT
2644 f1e3 00 18                            FDB   $18
2645 f1e5 e8 5a                            FDB   QERR
2646 f1e7 f1 bc                            FDB   TICK
2647 f1e9 e4 1e                            FDB   DUP
2648 f1eb e6 0a                            FDB   FENCE
2649 f1ed e4 67                            FDB   AT
2650 f1ef e7 44                            FDB   LESS
2651 f1f1 e0 37                            FDB   LIT
2652 f1f3 00 15                            FDB   $15
2653 f1f5 e8 5a                            FDB   QERR
2654 f1f7 e4 1e                            FDB   DUP
2655 f1f9 e8 1c                            FDB   NFA
2656 f1fb e6 13                            FDB   DP
2657 f1fd e4 9a                            FDB   STORE
2658 f1ff e7 fe                            FDB   LFA
2659 f201 e4 67                            FDB   AT
2660 f203 e6 64                            FDB   CONT
2661 f205 e4 67                            FDB   AT
2662 f207 e4 9a                            FDB   STORE
2663 f209 e3 0d                            FDB   SEMIS
2664                               
2665 f20b 84                               FCB   $84
2666 f20c 42 41 43                         FCC   'BAC'
2667 f20f cb                               FCB   $CB
2668 f210 f1 cc                            FDB   FORGET-9
2669 f212 e4 e4                    BACK    FDB   DOCOL
2670 f214 e6 e9                            FDB   HERE
2671 f216 e7 26                            FDB   SUBB
2672 f218 e7 05                            FDB   COMMA
2673 f21a e3 0d                            FDB   SEMIS
2674                               
2675 f21c c5                               FCB   $C5
2676 f21d 42 45 47 49                      FCC   'BEGI'
2677 f221 ce                               FCB   $CE
2678 f222 f2 0b                            FDB   BACK-7
2679 f224 e4 e4                    BEGIN   FDB   DOCOL
2680 f226 e8 74                            FDB   QCOMP
2681 f228 e6 e9                            FDB   HERE
2682 f22a e5 61                            FDB   ONE
2683 f22c e3 0d                            FDB   SEMIS
2684                               
2685 f22e c5                               FCB   $C5
2686 f22f 45 4e 44 49                      FCC   'ENDI'
2687 f233 c6                               FCB   $C6
2688 f234 f2 1c                            FDB   BEGIN-8
2689 f236 e4 e4                    ENDIFF  FDB   DOCOL
2690 f238 e8 74                            FDB   QCOMP
2691 f23a e5 69                            FDB   TWO
2692 f23c e8 a3                            FDB   QPAIR
2693 f23e e6 e9                            FDB   HERE
2694 f240 e3 ea                            FDB   OVER
2695 f242 e7 26                            FDB   SUBB
2696 f244 e4 0a                            FDB   SWAP
2697 f246 e4 9a                            FDB   STORE
2698 f248 e3 0d                            FDB   SEMIS
2699                               
2700 f24a c4                               FCB   $C4
2701 f24b 54 48 45                         FCC   'THE'
2702 f24e ce                               FCB   $CE
2703 f24f f2 2e                            FDB   ENDIFF-8
2704 f251 e4 e4                    THEN    FDB   DOCOL
2705 f253 f2 36                            FDB   ENDIFF
2706 f255 e3 0d                            FDB   SEMIS
2707                               
2708 f257 c2                               FCB   $C2
2709 f258 44                               FCC   'D'
2710 f259 cf                               FCB   $CF
2711 f25a f2 4a                            FDB   THEN-7
2712 f25c e4 e4                    DO      FDB   DOCOL
2713 f25e e8 ed                            FDB   COMP
2714 f260 e0 b4                            FDB   XDO
2715 f262 e6 e9                            FDB   HERE
2716 f264 e5 71                            FDB   THREE
2717 f266 e3 0d                            FDB   SEMIS
2718                               
2719 f268 c4                               FCB   $C4
2720 f269 4c 4f 4f                         FCC   'LOO'
2721 f26c d0                               FCB   $D0
2722 f26d f2 57                            FDB   DO-5
2723 f26f e4 e4                    LOOPC   FDB   DOCOL
2724 f271 e5 71                            FDB   THREE
2725 f273 e8 a3                            FDB   QPAIR
2726 f275 e8 ed                            FDB   COMP
2727 f277 e0 87                            FDB   XLOOP
2728 f279 f2 12                            FDB   BACK
2729 f27b e3 0d                            FDB   SEMIS
2730                               
2731 f27d c5                               FCB   $C5
2732 f27e 2b 4c 4f 4f                      FCC   '+LOO'
2733 f282 d0                               FCB   $D0
2734 f283 f2 68                            FDB   LOOPC-7
2735 f285 e4 e4                    PLOOP   FDB   DOCOL
2736 f287 e5 71                            FDB   THREE
2737 f289 e8 a3                            FDB   QPAIR
2738 f28b e8 ed                            FDB   COMP
2739 f28d e0 a7                            FDB   XPLOO
2740 f28f f2 12                            FDB   BACK
2741 f291 e3 0d                            FDB   SEMIS
2742                               
2743 f293 c5                               FCB   $C5
2744 f294 55 4e 54 49                      FCC   'UNTI'
2745 f298 cc                               FCB   $CC
2746 f299 f2 7d                            FDB   PLOOP-8
2747 f29b e4 e4                    UNTIL   FDB   DOCOL
2748 f29d e5 61                            FDB   ONE
2749 f29f e8 a3                            FDB   QPAIR
2750 f2a1 e8 ed                            FDB   COMP
2751 f2a3 e0 6e                            FDB   ZBRAN
2752 f2a5 f2 12                            FDB   BACK
2753 f2a7 e3 0d                            FDB   SEMIS
2754                               
2755 f2a9 c3                               FCB   $C3
2756 f2aa 45 4e                            FCC   'EN'
2757 f2ac c4                               FCB   $C4
2758 f2ad f2 93                            FDB   UNTIL-8
2759 f2af e4 e4                    END     FDB   DOCOL
2760 f2b1 f2 9b                            FDB   UNTIL
2761 f2b3 e3 0d                            FDB   SEMIS
2762                               
2763 f2b5 c5                               FCB   $C5
2764 f2b6 41 47 41 49                      FCC   'AGAI'
2765 f2ba ce                               FCB   $CE
2766 f2bb f2 a9                            FDB   END-6
2767 f2bd e4 e4                    AGAIN   FDB   DOCOL
2768 f2bf e5 61                            FDB   ONE
2769 f2c1 e8 a3                            FDB   QPAIR
2770 f2c3 e8 ed                            FDB   COMP
2771 f2c5 e0 5a                            FDB   BRAN
2772 f2c7 f2 12                            FDB   BACK
2773 f2c9 e3 0d                            FDB   SEMIS
2774                               
2775 f2cb c6                               FCB   $C6
2776 f2cc 52 45 50 45 41                   FCC   'REPEA'
2777 f2d1 d4                               FCB   $D4
2778 f2d2 f2 b5                            FDB   AGAIN-8
2779 f2d4 e4 e4                    REPEAT  FDB   DOCOL
2780 f2d6 e3 2c                            FDB   TOR
2781 f2d8 e3 2c                            FDB   TOR
2782 f2da f2 bd                            FDB   AGAIN
2783 f2dc e3 3b                            FDB   FROMR
2784 f2de e3 3b                            FDB   FROMR
2785 f2e0 e5 69                            FDB   TWO
2786 f2e2 e7 26                            FDB   SUBB
2787 f2e4 f2 36                            FDB   ENDIFF
2788 f2e6 e3 0d                            FDB   SEMIS
2789                               
2790 f2e8 c2                               FCB   $C2
2791 f2e9 49                               FCC   'I'
2792 f2ea c6                               FCB   $C6
2793 f2eb f2 cb                            FDB   REPEAT-9
2794 f2ed e4 e4                    IF      FDB   DOCOL
2795 f2ef e8 ed                            FDB   COMP
2796 f2f1 e0 6e                            FDB   ZBRAN
2797 f2f3 e6 e9                            FDB   HERE
2798 f2f5 e5 59                            FDB   ZERO
2799 f2f7 e7 05                            FDB   COMMA
2800 f2f9 e5 69                            FDB   TWO
2801 f2fb e3 0d                            FDB   SEMIS
2802                               
2803 f2fd c4                               FCB   $C4
2804 f2fe 45 4c 53                         FCC   'ELS'
2805 f301 c5                               FCB   $C5
2806 f302 f2 e8                            FDB   IF-5
2807 f304 e4 e4                    ELSE    FDB   DOCOL
2808 f306 e5 69                            FDB   TWO
2809 f308 e8 a3                            FDB   QPAIR
2810 f30a e8 ed                            FDB   COMP
2811 f30c e0 5a                            FDB   BRAN
2812 f30e e6 e9                            FDB   HERE
2813 f310 e5 59                            FDB   ZERO
2814 f312 e7 05                            FDB   COMMA
2815 f314 e4 0a                            FDB   SWAP
2816 f316 e5 69                            FDB   TWO
2817 f318 f2 36                            FDB   ENDIFF
2818 f31a e5 69                            FDB   TWO
2819 f31c e3 0d                            FDB   SEMIS
2820                               
2821 f31e c5                               FCB   $C5
2822 f31f 57 48 49 4c                      FCC   'WHIL'
2823 f323 c5                               FCB   $C5
2824 f324 f2 fd                            FDB   ELSE-7
2825 f326 e4 e4                    WHILE   FDB   DOCOL
2826 f328 f2 ed                            FDB   IF
2827 f32a e6 d5                            FDB   TWOP
2828 f32c e3 0d                            FDB   SEMIS
2829                               
2830 f32e 86                               FCB   $86
2831 f32f 53 50 41 43 45                   FCC   'SPACE'
2832 f334 d3                               FCB   $D3
2833 f335 f3 1e                            FDB   WHILE-8
2834 f337 e4 e4                    SPACS   FDB   DOCOL
2835 f339 e5 59                            FDB   ZERO
2836 f33b f0 67                            FDB   MAX
2837 f33d e7 b2                            FDB   DDUP
2838 f33f e0 6e                            FDB   ZBRAN
2839 f341 00 0c                            FDB   SPAC2-*
2840 f343 e5 59                            FDB   ZERO
2841 f345 e0 b4                            FDB   XDO
2842 f347 e7 a3                    SPAC1   FDB   SPACE
2843 f349 e0 87                            FDB   XLOOP
2844 f34b ff fc                            FDB   SPAC1-*
2845 f34d e3 0d                    SPAC2   FDB   SEMIS
2846                               
2847 f34f 82                               FCB   $82
2848 f350 3c                               FCC   '<'
2849 f351 a3                               FCB   $A3
2850 f352 f3 2e                            FDB   SPACS-9
2851 f354 e4 e4                    BDIGS   FDB   DOCOL
2852 f356 eb a0                            FDB   PAD
2853 f358 e6 ba                            FDB   HLD
2854 f35a e4 9a                            FDB   STORE
2855 f35c e3 0d                            FDB   SEMIS
2856                               
2857 f35e 82                               FCB   $82
2858 f35f 23                               FCC   '#'
2859 f360 be                               FCB   $BE
2860 f361 f3 4f                            FDB   BDIGS-5
2861 f363 e4 e4                    EDIGS   FDB   DOCOL
2862 f365 e3 fb                            FDB   DROP
2863 f367 e3 fb                            FDB   DROP
2864 f369 e6 ba                            FDB   HLD
2865 f36b e4 67                            FDB   AT
2866 f36d eb a0                            FDB   PAD
2867 f36f e3 ea                            FDB   OVER
2868 f371 e7 26                            FDB   SUBB
2869 f373 e3 0d                            FDB   SEMIS
2870                               
2871 f375 84                               FCB   $84
2872 f376 53 49 47                         FCC   'SIG'
2873 f379 ce                               FCB   $CE
2874 f37a f3 5e                            FDB   EDIGS-5
2875 f37c e4 e4                    SIGN    FDB   DOCOL
2876 f37e e7 8b                            FDB   ROT
2877 f380 e3 6a                            FDB   ZLESS
2878 f382 e0 6e                            FDB   ZBRAN
2879 f384 00 08                            FDB   SIGN1-*
2880 f386 e0 37                            FDB   LIT
2881 f388 00 2d                            FDB   $2D
2882 f38a eb 88                            FDB   HOLD
2883 f38c e3 0d                    SIGN1   FDB   SEMIS
2884                               
2885 f38e 81                               FCB   $81
2886 f38f a3                               FCB   $A3
2887 f390 f3 75                            FDB   SIGN-7
2888 f392 e4 e4                    DIG     FDB   DOCOL
2889 f394 e6 89                            FDB   BASE
2890 f396 e4 67                            FDB   AT
2891 f398 f1 1f                            FDB   MSMOD
2892 f39a e7 8b                            FDB   ROT
2893 f39c e0 37                            FDB   LIT
2894 f39e 00 09                            FDB   9
2895 f3a0 e3 ea                            FDB   OVER
2896 f3a2 e7 44                            FDB   LESS
2897 f3a4 e0 6e                            FDB   ZBRAN
2898 f3a6 00 08                            FDB   DIG1-*
2899 f3a8 e0 37                            FDB   LIT
2900 f3aa 00 07                            FDB   7
2901 f3ac e3 83                            FDB   PLUS
2902 f3ae e0 37                    DIG1    FDB   LIT
2903 f3b0 00 30                            FDB   $30
2904 f3b2 e3 83                            FDB   PLUS
2905 f3b4 eb 88                            FDB   HOLD
2906 f3b6 e3 0d                            FDB   SEMIS
2907                               
2908 f3b8 82                               FCB   $82
2909 f3b9 23                               FCC   '#'
2910 f3ba d3                               FCB   $D3
2911 f3bb f3 8e                            FDB   DIG-4
2912 f3bd e4 e4                    DIGS    FDB   DOCOL
2913 f3bf f3 92                    DIGS1   FDB   DIG
2914 f3c1 e3 ea                            FDB   OVER
2915 f3c3 e3 ea                            FDB   OVER
2916 f3c5 e2 a1                            FDB   ORR
2917 f3c7 e3 50                            FDB   ZEQU
2918 f3c9 e0 6e                            FDB   ZBRAN
2919 f3cb ff f4                            FDB   DIGS1-*
2920 f3cd e3 0d                            FDB   SEMIS
2921                               
2922 f3cf 83                               FCB   $83
2923 f3d0 44 2e                            FCC   'D.'
2924 f3d2 d2                               FCB   $D2
2925 f3d3 f3 b8                            FDB   DIGS-5
2926 f3d5 e4 e4                    DDOTR   FDB   DOCOL
2927 f3d7 e3 2c                            FDB   TOR
2928 f3d9 e4 0a                            FDB   SWAP
2929 f3db e3 ea                            FDB   OVER
2930 f3dd f0 43                            FDB   DABS
2931 f3df f3 54                            FDB   BDIGS
2932 f3e1 f3 bd                            FDB   DIGS
2933 f3e3 f3 7c                            FDB   SIGN
2934 f3e5 f3 63                            FDB   EDIGS
2935 f3e7 e3 3b                            FDB   FROMR
2936 f3e9 e3 ea                            FDB   OVER
2937 f3eb e7 26                            FDB   SUBB
2938 f3ed f3 37                            FDB   SPACS
2939 f3ef e9 d2                            FDB   TYPES
2940 f3f1 e3 0d                            FDB   SEMIS
2941                               
2942 f3f3 82                               FCB   $82
2943 f3f4 2e                               FCC   '.'
2944 f3f5 d2                               FCB   $D2
2945 f3f6 f3 cf                            FDB   DDOTR-6
2946 f3f8 e4 e4                    DOTR    FDB   DOCOL
2947 f3fa e3 2c                            FDB   TOR
2948 f3fc f0 01                            FDB   STOD
2949 f3fe e3 3b                            FDB   FROMR
2950 f400 f3 d5                            FDB   DDOTR
2951 f402 e3 0d                            FDB   SEMIS
2952                               
2953 f404 82                               FCB   $82
2954 f405 44                               FCC   'D'
2955 f406 ae                               FCB   $AE
2956 f407 f3 f3                            FDB   DOTR-5
2957 f409 e4 e4                    DDOT    FDB   DOCOL
2958 f40b e5 59                            FDB   ZERO
2959 f40d f3 d5                            FDB   DDOTR
2960 f40f e7 a3                            FDB   SPACE
2961 f411 e3 0d                            FDB   SEMIS
2962                               
2963 f413 81                               FCB   $81
2964 f414 ae                               FCB   $AE
2965 f415 f4 04                            FDB   DDOT-5
2966 f417 e4 e4                    DOT     FDB   DOCOL
2967 f419 f0 01                            FDB   STOD
2968 f41b f4 09                            FDB   DDOT
2969 f41d e3 0d                            FDB   SEMIS
2970                               
2971 f41f 81                               FCB   $81
2972 f420 bf                               FCB   $BF
2973 f421 f4 13                            FDB   DOT-4
2974 f423 e4 e4                    QUES    FDB   DOCOL
2975 f425 e4 67                            FDB   AT
2976 f427 f4 17                            FDB   DOT
2977 f429 e3 0d                            FDB   SEMIS
2978                               
2979 f42b 82                               FCB   $82
2980 f42c 55                               FCC   'U'
2981 f42d ae                               FCB   $AE
2982 f42e f4 1f                            FDB   QUES-4
2983 f430 e4 e4                    UDOT    FDB   DOCOL
2984 f432 e5 59                            FDB   ZERO
2985 f434 f4 09                            FDB   DDOT
2986 f436 e3 0d                            FDB   SEMIS
2987                               
2988 f438 85                               FCB   $85
2989 f439 56 4c 49 53                      FCC   'VLIS'
2990 f43d d4                               FCB   $D4
2991 f43e f4 2b                            FDB   UDOT-5
2992 f440 e4 e4                    VLIST   FDB   DOCOL
2993 f442 e6 89                            FDB   BASE
2994 f444 e4 67                            FDB   AT
2995 f446 e3 2c                            FDB   TOR
2996 f448 e9 38                            FDB   HEX
2997 f44a e1 d2                            FDB   CR
2998 f44c e1 d2                            FDB   CR
2999 f44e e0 37                            FDB   LIT
3000 f450 00 00                            FDB   0
3001 f452 e6 3f                            FDB   OUTT
3002 f454 e4 9a                            FDB   STORE
3003 f456 e6 64                            FDB   CONT
3004 f458 e4 67                            FDB   AT
3005 f45a e4 67                            FDB   AT
3006 f45c e4 1e                    VLIST1  FDB   DUP
3007 f45e e4 1e                            FDB   DUP
3008 f460 e0 37                            FDB   LIT
3009 f462 00 00                            FDB   0
3010 f464 f3 54                            FDB   BDIGS
3011 f466 f3 92                            FDB   DIG
3012 f468 f3 92                            FDB   DIG
3013 f46a f3 92                            FDB   DIG
3014 f46c f3 92                            FDB   DIG
3015 f46e f3 63                            FDB   EDIGS
3016 f470 e9 d2                            FDB   TYPES
3017 f472 e4 1e                            FDB   DUP
3018 f474 e6 c3                            FDB   ONEP
3019 f476 e4 76                            FDB   CAT
3020 f478 e0 37                            FDB   LIT
3021 f47a 00 7f                            FDB   $007F
3022 f47c e2 8e                            FDB   ANDD
3023 f47e e0 6e                            FDB   ZBRAN
3024 f480 00 0a                            FDB   VLIST2-*
3025 f482 e7 a3                            FDB   SPACE
3026 f484 ed 06                            FDB   IDDOT
3027 f486 e0 5a                            FDB   BRAN
3028 f488 00 0c                            FDB   VLIST3-*
3029 f48a ea 33                    VLIST2  FDB   PDOTQ
3030 f48c 05                               FCB   5
3031 f48d 20 6e 75 6c 6c                   FCC   ' null'
3032 f492 e3 fb                            FDB   DROP
3033 f494 e6 3f                    VLIST3  FDB   OUTT
3034 f496 e4 67                            FDB   AT
3035 f498 e0 37                            FDB   LIT
3036 f49a 00 3c                            FDB   60
3037 f49c e7 7d                            FDB   GREAT
3038 f49e e0 6e                            FDB   ZBRAN
3039 f4a0 00 10                            FDB   VLIST4-*
3040 f4a2 e1 d2                            FDB   CR
3041 f4a4 e0 37                            FDB   LIT
3042 f4a6 00 00                            FDB   0
3043 f4a8 e6 3f                            FDB   OUTT
3044 f4aa e4 9a                            FDB   STORE
3045 f4ac e0 5a                            FDB   BRAN
3046 f4ae 00 12                            FDB   VLIST5-*
3047 f4b0 e0 37                    VLIST4  FDB   LIT
3048 f4b2 00 14                            FDB   20
3049 f4b4 e6 3f                            FDB   OUTT
3050 f4b6 e4 67                            FDB   AT
3051 f4b8 e3 ea                            FDB   OVER
3052 f4ba f0 ec                            FDB   MOD
3053 f4bc e7 26                            FDB   SUBB
3054 f4be f3 37                            FDB   SPACS
3055 f4c0 e8 32                    VLIST5  FDB   PFA
3056 f4c2 e7 fe                            FDB   LFA
3057 f4c4 e4 67                            FDB   AT
3058 f4c6 e4 1e                            FDB   DUP
3059 f4c8 e3 50                            FDB   ZEQU
3060 f4ca e1 c7                            FDB   QTERM
3061 f4cc e4 1e                            FDB   DUP
3062 f4ce e0 6e                            FDB   ZBRAN
3063 f4d0 00 06                            FDB   VLIST6-*
3064 f4d2 e1 b5                            FDB   KEY
3065 f4d4 e3 fb                            FDB   DROP
3066 f4d6 e2 a1                    VLIST6  FDB   ORR
3067 f4d8 e0 6e                            FDB   ZBRAN
3068 f4da ff 82                            FDB   VLIST1-*
3069 f4dc e3 fb                            FDB   DROP
3070 f4de e1 d2                            FDB   CR
3071 f4e0 e1 d2                            FDB   CR
3072 f4e2 e3 3b                            FDB   FROMR
3073 f4e4 e6 89                            FDB   BASE
3074 f4e6 e4 9a                            FDB   STORE
3075 f4e8 e3 0d                            FDB   SEMIS
3076                               
3077 f4ea 84                               FCB   $84
3078 f4eb 2e 43 50                         FCC   '.CP'
3079 f4ee d5                               FCB   $D5
3080 f4ef f4 38                            FDB   VLIST-8
3081 f4f1 e4 e4                    DOTCPU  FDB   DOCOL
3082 f4f3 ea 33                            FDB   PDOTQ
3083 f4f5 05                               FCB   5
3084 f4f6 36 38 30 39 20                   FCC   '6809 '
3085 f4fb e3 0d                            FDB   SEMIS
3086                               
3087 f4fd 84                               FCB   $84
3088 f4fe 44 55 4d                         FCC   'DUM'
3089 f501 d0                               FCB   $D0
3090 f502 f4 ea                            FDB   DOTCPU-7
3091 f504 e4 e4                    DUMP    FDB   DOCOL
3092 f506 e6 89                            FDB   BASE
3093 f508 e4 67                            FDB   AT
3094 f50a e3 2c                            FDB   TOR
3095 f50c e9 38                            FDB   HEX
3096 f50e e1 d2                            FDB   CR
3097 f510 e1 d2                            FDB   CR
3098 f512 e0 37                            FDB   LIT
3099 f514 00 05                            FDB   5
3100 f516 f3 37                            FDB   SPACS
3101 f518 e0 37                            FDB   LIT
3102 f51a 00 10                            FDB   16
3103 f51c e0 37                            FDB   LIT
3104 f51e 00 00                            FDB   0
3105 f520 e0 b4                            FDB   XDO
3106 f522 e0 c2                    DUMP1   FDB   IDO
3107 f524 e0 37                            FDB   LIT
3108 f526 00 03                            FDB   3
3109 f528 f3 f8                            FDB   DOTR
3110 f52a e0 87                            FDB   XLOOP
3111 f52c ff f6                            FDB   DUMP1-*
3112 f52e e0 37                            FDB   LIT
3113 f530 00 02                            FDB   2
3114 f532 f3 37                            FDB   SPACS
3115 f534 e0 37                            FDB   LIT
3116 f536 00 10                            FDB   16
3117 f538 e0 37                            FDB   LIT
3118 f53a 00 00                            FDB   0
3119 f53c e0 b4                            FDB   XDO
3120 f53e e0 c2                    DUMP2   FDB   IDO
3121 f540 e0 37                            FDB   LIT
3122 f542 00 00                            FDB   0
3123 f544 f3 54                            FDB   BDIGS
3124 f546 f3 92                            FDB   DIG
3125 f548 f3 63                            FDB   EDIGS
3126 f54a e9 d2                            FDB   TYPES
3127 f54c e0 87                            FDB   XLOOP
3128 f54e ff f0                            FDB   DUMP2-*
3129 f550 e1 d2                            FDB   CR
3130 f552 e3 ea                            FDB   OVER
3131 f554 e3 83                            FDB   PLUS
3132 f556 e4 0a                            FDB   SWAP
3133 f558 e4 1e                            FDB   DUP
3134 f55a e0 37                            FDB   LIT
3135 f55c 00 0f                            FDB   15
3136 f55e e2 8e                            FDB   ANDD
3137 f560 e2 b5                            FDB   XORR
3138 f562 e0 b4                            FDB   XDO
3139 f564 e1 d2                    DUMP3   FDB   CR
3140 f566 e0 c2                            FDB   IDO
3141 f568 e0 37                            FDB   LIT
3142 f56a 00 00                            FDB   0
3143 f56c e0 37                            FDB   LIT
3144 f56e 00 04                            FDB   4
3145 f570 f3 d5                            FDB   DDOTR
3146 f572 e7 a3                            FDB   SPACE
3147 f574 e0 c2                            FDB   IDO
3148 f576 e0 37                            FDB   LIT
3149 f578 00 10                            FDB   16
3150 f57a e3 83                            FDB   PLUS
3151 f57c e0 c2                            FDB   IDO
3152 f57e e4 2f                            FDB   TDUP
3153 f580 e0 b4                            FDB   XDO
3154 f582 e0 c2                    DUMP4   FDB   IDO
3155 f584 e4 76                            FDB   CAT
3156 f586 e7 a3                            FDB   SPACE
3157 f588 e0 37                            FDB   LIT
3158 f58a 00 00                            FDB   0
3159 f58c f3 54                            FDB   BDIGS
3160 f58e f3 92                            FDB   DIG
3161 f590 f3 92                            FDB   DIG
3162 f592 f3 63                            FDB   EDIGS
3163 f594 e9 d2                            FDB   TYPES
3164 f596 e0 87                            FDB   XLOOP
3165 f598 ff ea                            FDB   DUMP4-*
3166 f59a e0 37                            FDB   LIT
3167 f59c 00 02                            FDB   2
3168 f59e f3 37                            FDB   SPACS
3169 f5a0 e0 b4                            FDB   XDO
3170 f5a2 e0 c2                    DUMP5   FDB   IDO
3171 f5a4 e4 76                            FDB   CAT
3172 f5a6 e4 1e                            FDB   DUP
3173 f5a8 e0 37                            FDB   LIT
3174 f5aa 00 20                            FDB   32
3175 f5ac e7 44                            FDB   LESS
3176 f5ae e3 ea                            FDB   OVER
3177 f5b0 e0 37                            FDB   LIT
3178 f5b2 00 7e                            FDB   126
3179 f5b4 e7 7d                            FDB   GREAT
3180 f5b6 e2 a1                            FDB   ORR
3181 f5b8 e0 6e                            FDB   ZBRAN
3182 f5ba 00 08                            FDB   DUMP6-*
3183 f5bc e3 fb                            FDB   DROP
3184 f5be e0 37                            FDB   LIT
3185 f5c0 00 2e                            FDB   46
3186 f5c2 e1 a3                    DUMP6   FDB   EMIT
3187 f5c4 e0 87                            FDB   XLOOP
3188 f5c6 ff dc                            FDB   DUMP5-*
3189 f5c8 e0 37                            FDB   LIT
3190 f5ca 00 10                            FDB   16
3191 f5cc e0 a7                            FDB   XPLOO
3192 f5ce ff 96                            FDB   DUMP3-*
3193 f5d0 e1 d2                            FDB   CR
3194 f5d2 e3 3b                            FDB   FROMR
3195 f5d4 e6 89                            FDB   BASE
3196 f5d6 e4 9a                            FDB   STORE
3197 f5d8 e3 0d                            FDB   SEMIS
3198                               
3199                               **************************************************
3200                               *                                                *
3201                               *   The following 2 words are used to burn the   *
3202                               *   2k EEPROM located at address 0000 on the     *
3203                               *   development system. They may be removed as   *
3204                               *   long as the LFA's are re-adjusted.           *
3205                               *                                                *
3206                               **************************************************
3207 f5da 84                               FCB   $84
3208 f5db 45 45 43                         FCC   'EEC'
3209 f5de a1                               FCB   $A1
3210 f5df f4 fd                            FDB   DUMP-7
3211 f5e1 f5 e3                    EECSTO  FDB   *+2            ; On entry Address is top of stack, Data is second
3212 f5e3 ec 42              [ 6 ]         LDD   2,U            ; Get byte in B, address is top of stack
3213 f5e5 86 ff              [ 2 ]         LDA   #$FF           ; Erase byte
3214 f5e7 a7 d4              [ 7 ]         STA   [0,U]
3215 f5e9 8d 0e              [ 7 ]         BSR   DELAY          ; Wait for delay
3216 f5eb a6 d4              [ 7 ]         LDA   [0,U]          ; Read data
3217 f5ed e7 d4              [ 7 ]         STB   [0,U]          ; Store data
3218 f5ef 8d 08              [ 7 ]         BSR   DELAY          ; Wait for delay
3219 f5f1 e6 d4              [ 7 ]         LDB   [0,U]          ; Read data
3220 f5f3 33 44              [ 5 ]         LEAU  4,U            ; Drop address and data
3221 f5f5 ae a1              [ 8 ]         LDX   ,Y++           ; NEXT
3222 f5f7 6e 91              [ 9 ]         JMP   [,X++]
3223                               
3224 f5f9 8e 04 70           [ 3 ] DELAY   LDX   #$0470
3225 f5fc 30 1f              [ 5 ] DELAY1  LEAX  -1,X
3226 f5fe 26 fc              [ 3 ]         BNE   DELAY1
3227 f600 39                 [ 5 ]         RTS
3228                               
3229 f601 86                               FCB   $86
3230 f602 45 45 4d 4f 56                   FCC   'EEMOV'
3231 f607 c5                               FCB   $C5
3232 f608 f5 da                            FDB   EECSTO-7
3233 f60a e4 e4                    EEMOV   FDB   DOCOL
3234 f60c e0 37                            FDB   LIT
3235 f60e 00 00                            FDB   0
3236 f610 e0 b4                            FDB   XDO
3237 f612 e4 1e                    EEMO1   FDB   DUP
3238 f614 e6 c3                            FDB   ONEP
3239 f616 e7 8b                            FDB   ROT
3240 f618 e4 1e                            FDB   DUP
3241 f61a e6 c3                            FDB   ONEP
3242 f61c e3 2c                            FDB   TOR
3243 f61e e4 76                            FDB   CAT
3244 f620 e7 8b                            FDB   ROT
3245 f622 f5 e1                            FDB   EECSTO
3246 f624 e3 3b                            FDB   FROMR
3247 f626 e4 0a                            FDB   SWAP
3248 f628 e0 87                            FDB   XLOOP
3249 f62a ff e8                            FDB   EEMO1-*
3250 f62c e3 fb                            FDB   DROP
3251 f62e e3 fb                            FDB   DROP
3252 f630 e3 0d                            FDB   SEMIS
3253                               
3254                               **************************************************
3255                               *                                                *
3256                               *    The following is copied to RAM by COLD      *
3257                               *                                                *
3258                               **************************************************
3259 f632 c5                       FORTHS  FCB   $C5            ; The start of the FORTH vocabulary
3260 f633 46 4f 52 54                      FCC   'FORT'
3261 f637 c8                               FCB   $C8
3262 f638 f6 01                            FDB   EEMOV-9
3263 f63a e9 ac                    FORTH   FDB   DODOE
3264 f63c ee a2                            FDB   DOVOC
3265 f63e 81 a0                            FDB   $81A0
3266 f640 c0 12                            FDB   RTASK-7
3267 f642 00 00                            FDB   0
3268                               
3269 f644 84                               FCB   $84
3270 f645 54 41 53                         FCC   'TAS'
3271 f648 cb                               FCB   $CB
3272 f649 c0 00                            FDB   RFORTH-8
3273 f64b e4 e4                    TASK    FDB   DOCOL          ; Last word in vocabulary
3274 f64d e3 0d                            FDB   SEMIS
3275 f64f                          TASKE   EQU   *              ; The end of the ROMable dictionary
3276                               
3277 c008                          RFORTH  EQU   RAMS+FORTH-FORTHS        ; Location of FORTH in RAM
3278 c019                          RTASK   EQU   RAMS+TASK-FORTHS         ; Location of TASK in RAM
3279 c01d                          INITDP  EQU   RAMS+TASKE-FORTHS        ; Initial DP in RAM
